2537,-0.10430031885684077
1175,0.28182629088015076
485,-0.37989691810736215
3651,0.483791881086991
4618,0.06345414473879352
3468,0.44514433175249746
2349,0.08186549473178051
3654,0.9264930146491821
751,-0.7298618313563656
4791,0.6403235565293448
1857,-0.15543163283543926
606,-0.2563015244586362
4508,-0.2107416513910909
3048,0.012019393431671688
3044,0.044557106727125984
4747,-0.19714644252418
2973,0.04398483089643346
3115,-0.20408240040693393
604,0.18840272476679232
4469,0.8253765474239678
1797,-0.06879314473873777
1237,0.08071492724270168
2266,0.1779347490533798
4149,-0.33735517069632603
2917,0.35331391794649036
4411,-0.2732836980799087
3505,0.448610897973194
2978,-0.18293353129498158
2920,-0.09460941792809674
338,0.33284932583543014
1398,0.002798658874797688
2605,0.3285676496989849
4682,0.24402935354929678
2822,-0.2822966965552123
73,-0.8632392355689866
2838,0.20077017368788042
22,-0.30584140667546844
1711,-0.2011582420176019
4929,-0.016606296982071278
4476,-0.668470115698014
3444,1.2752967691419137
1206,0.23941517982406868
948,0.11325738640903094
757,0.5038302808158379
4102,0.5715753853589485
1219,-0.31258297044014416
2968,-0.446599668544553
1860,-0.1730378890410833
4501,-1.176821799295202
4509,0.6056542236106148
982,0.2014642043916357
3991,-0.38053907274809884
2405,0.6342859974000099
735,-0.004854486711537653
3866,-0.706136722240192
846,0.4522864708541565
2126,0.34013278614246456
860,-0.5264096338931772
3460,-0.16299807920326082
4010,-0.15190319874330083
2771,0.6702814818847198
2969,0.45947624453204483
1556,0.576690201658824
4188,0.3566530459804511
3816,0.7884500977488162
3492,0.7342079176462262
3617,-0.02085736801967375
1178,-0.18616819715966226
594,-0.4675073074456799
1406,-0.0645995229502434
4561,-1.0094182459664776
814,-0.21376001146437762
4583,-0.6455738656647041
1333,-0.23767730856074554
277,0.011008860604669657
385,0.17324894709423777
2615,0.23885464983747884
2213,0.9455819590011014
3583,0.4537846669279748
125,0.43248124755235207
788,0.8947438424373626
3628,0.42020758287028404
3352,0.5759335380376935
3052,0.5246183304613385
232,0.25742771192383174
875,-0.4829611787914718
1582,-0.46068337305474927
736,0.15920536371385818
2478,0.08170731174385093
2736,0.25865411467076527
1222,-0.16649925906282625
3010,-0.9940210796014739
2475,-0.1408279663273131
280,0.3065294613361518
2643,-0.7508341230780609
3315,-0.5972063208134584
1717,-0.7040896958107448
2912,0.1669471927081716
1947,1.0789699054936595
3721,-1.078001271801548
1575,-0.7329516106739726
4450,0.75384554551467
1982,-0.5028575880279913
1500,-0.27955636914962323
2274,0.5546209376112143
3650,1.0856220745979135
2960,0.04942934267405352
4078,-1.2043384875606629
1106,-0.8931129153474231
983,-0.9790121525970976
1515,0.9355566453813351
100,-0.21467917381614043
4288,0.4286941835365976
2192,0.5402520767020214
7,0.3007133649321583
3046,0.5485724362096036
249,-0.23485608498208332
4375,0.11510197241984077
719,0.05703419958283451
665,-0.05317507363107854
605,-0.46891316285985507
2811,-0.3574744538707497
3565,0.07642824952922922
148,0.41025260903719474
1872,-0.3294784900134573
4475,0.37545844129604866
2020,0.3829848673424463
306,-0.9501588064671473
579,0.3698942544099273
2174,0.3390222884226626
4780,0.03214100591262081
2712,-0.005124787404831466
4219,-1.1239058277985459
4987,0.1483720582556325
190,-0.29165166844550683
2413,0.27143014732398996
3602,0.5497846731855738
516,0.4124165746586863
241,-0.30799552728839164
1806,0.5105017051715262
2980,0.042866297796638086
2240,-0.14426266887889927
624,-1.0900498896530824
2437,0.8190119165917382
2667,-0.9685017717540445
1358,0.40642664991278554
4743,0.4306249691158248
2137,-0.016171200341317693
1962,0.14777153074209703
1470,0.46439173995895455
3891,0.35583391115977214
4901,0.2866405265293155
1887,0.6627088952673024
3857,0.3641005012940104
17,0.8318344970473914
336,-0.3843361226036661
4736,-0.15413276660085184
1670,0.07819730176370321
455,-0.7095220145357217
221,0.10216054735569546
4542,-0.560307026879455
337,0.46746553916586375
4831,0.8638181775330436
4216,0.4384976874029709
2724,-0.5862214806688133
525,0.2682650626953871
2501,-0.055501378708450844
2015,-0.08536910463658476
1436,0.5705548002762866
63,-0.44490687601473144
4955,-1.3469775766952
1493,-0.4782085156985314
2791,-0.09767540243856043
1385,0.048089752833457844
225,-0.3105535674021942
3875,-0.6971773818418043
4755,-0.05050377084381363
1257,-0.4170472098736102
3407,0.10956781887507461
3616,-0.29687998963076456
2507,0.0325152075404711
2575,0.29551711695032523
2305,0.7159696532510234
3885,0.9554263095933146
1908,-0.11005080760512609
613,-0.5851726097926946
1646,0.3023260691411034
691,-0.5017147664023112
656,0.81204086611646
4381,0.7887596810835173
1187,0.6436804551064208
3614,0.38406357441208705
211,-0.21686862795285133
697,0.24209382728639461
3118,0.3622632817059257
3951,0.3986158988829338
3949,-0.17425941154086377
2342,-0.5883609824803617
803,1.2102028845781705
1743,0.28700876311210877
4221,0.36872257499940453
2269,-0.1530479370005562
4723,-0.5228958626931242
2669,0.13157903583701902
3687,-0.30138696758800876
1704,-0.7959473496233098
3873,-0.6910696109049503
3555,0.08694506851027128
3829,-0.2984554811358473
2855,-0.5753053409587752
133,0.2801354995590959
3215,-0.3369505008524065
388,0.439113691484466
3485,0.6738101300073369
1466,-0.4972250263352169
1403,0.5507276049512839
2314,-0.12994845171646752
2906,-0.2941523774501409
865,-0.5899987563023394
3594,0.10539407419813251
1201,0.061948092900342644
2329,0.3129094976371203
2317,0.016717866000818482
308,0.9622036704706112
4810,1.2342640690875522
2659,-0.25790424221392705
1537,-0.048542345543330256
2285,0.3196238414322883
1691,-1.319783117501819
1283,-0.09312556079879375
2625,0.2851097657110886
1604,-0.12248093180682673
25,-0.17573443698036417
970,0.1190191275946848
1287,-0.028820030135201513
3596,-0.8089809709285181
4543,0.5368999357806006
1721,0.048257429016457465
3357,-0.40937402529859757
4252,-0.11490688184350528
3378,-0.34964185968121075
2415,-0.35424456535390103
975,-0.04025939938191936
2996,-1.0960167695234535
1244,-0.11886231819204252
4619,0.6284791190394916
4764,0.21140223661056812
3229,0.5472249946314518
4882,-0.35365295378031636
2645,-0.40032852672024966
3572,0.11182048886039819
2931,-0.5224368938081705
1422,0.42554408240204644
1461,0.03488026060853411
4361,0.32989615216905754
4585,-0.07062274856196549
1419,0.43711028866849677
2128,-0.17939743929837526
4632,0.37103107326587104
4821,-0.016625101120093966
1299,-0.12369353507276593
3833,0.3970431288162688
298,0.24068486834140224
1057,0.7502273392526426
3187,0.07171502386668571
1128,-0.36118069830772637
616,-0.31853198023587304
223,-0.1413726532911488
104,1.0217292501378026
3217,0.4514336093242113
2093,0.3615090785061623
3212,0.16576021323881562
3904,0.14911814820254232
3950,-0.11769398463621794
2894,0.4601116140682908
738,-0.09262893381586412
3049,0.3601772818482871
403,-0.0653506003235611
4113,1.0186918264467222
4354,-0.42667179709870595
3763,-0.04595006205971863
2098,-0.3088000091874914
859,-0.5645742343747209
4761,0.43217903259745416
2809,0.29862326649180915
3679,-0.7348029449228788
1254,0.3617990924421335
2964,-0.062060619346501866
186,-0.716377314151746
723,-0.4201282259664305
4651,-0.6730842617587074
4152,0.36427846492575444
2068,-0.15339973689679187
3766,-0.19572295042980592
2972,0.06588062541840944
3000,-0.5930536334039571
4992,0.6919239625186258
1522,-1.0792750910121969
4649,0.15156639951543838
3067,0.972682437813063
1734,0.603007999908896
727,-0.3347470716640659
3761,-0.357089596218084
2805,0.3782254696243328
2005,-0.05841751097951153
4205,0.4357428950329032
1843,0.1007592839921756
3358,-0.7854489665691462
4233,0.4525875015464118
3870,0.4033675510390884
498,-0.19582469955245152
4971,-0.6296462791838753
1195,0.2514774370496333
4189,0.3258045334208104
2636,0.17001964454425522
4444,-0.35194844857178254
3438,-0.3328406886791795
4562,0.3419321956748149
1,-1.3044746182026126
645,0.40431341388446285
3059,0.28140993593192487
643,0.1113426783989544
1490,0.9731282293770391
4486,-0.031953904847797254
3747,0.7812951974680065
3412,0.44304559198304716
3690,0.4233455868005329
4059,0.30739136230581465
4608,0.11236679219125811
3361,0.18181065895624915
3191,-0.14786778994178462
1673,0.6968785199835423
3380,-0.38141363784054505
1936,-0.43676949138392285
1569,-0.153905163692988
3754,0.50613029641152
3413,0.36554519148571085
236,0.5278516058143241
1387,-1.0323748169535545
837,-0.1242604901106743
1733,1.0297459148171617
1123,0.05122674760338519
4660,0.12803070350351575
4003,-1.011883222840865
3207,-0.582654558577663
1807,0.6753037879429247
1574,0.418532163877269
3923,-0.15877715190665143
3077,0.10454251967650752
1239,0.533547611839098
2798,-0.16436222603606243
2407,0.49824679932549465
2470,-0.005431389800755859
287,0.5572565230568776
2705,-0.05970357123957015
4644,0.20664291642876087
2508,-0.2718850094019718
2053,-0.5808895790707798
2144,0.42021996805416695
4809,-0.12505963445700452
3319,0.027710584768775526
1750,-0.1231626136368078
8,0.6852552929430553
4788,0.4534635411281389
4389,0.8632192734395616
3653,0.1506113448759141
3208,-0.16498056996888089
299,-0.3650667321677812
3686,1.2959104363630987
1973,0.36560791013421046
4409,0.9760568584852907
2781,0.9933482731465828
3936,1.2051036161830178
4756,-0.31238676162179324
4787,-0.5232321716512605
3559,0.14577425689503087
4742,-0.08203409543117068
4355,-0.13201023829540226
1661,-0.20833421480398595
2383,0.5199771176169978
3809,-0.14823501339846334
3179,0.02664500544406856
218,-1.6489395541595453
1184,-0.5287484946702738
3316,-0.16015193716513298
4507,-1.2441980997164679
908,-1.4008731528376135
2566,0.27183184732340493
2922,-0.02943646533240507
4589,-0.5848599352133741
4771,-0.46527373123878135
3717,-0.42050836207201137
4815,-0.3272938792537641
3723,-0.7745874847967116
3238,-0.31071268229070625
1399,0.08959672293307541
2371,0.16388059419010848
1230,0.8210296136071102
2550,0.10651690246829038
183,-0.042004877504717264
1507,-0.7897227206497357
3073,0.08222979795406093
3937,0.3408567343629434
9,-0.48293116437618533
1485,0.12014590491553534
1712,-0.05626724024141172
4191,0.0311089301303884
4147,0.40739895317584107
2951,0.3513171926869205
4336,0.2168624383873876
3574,0.19871064087243973
3933,-0.7492514150974463
3791,-0.42117782547771476
342,0.35238400902608813
3143,-0.26867287968896303
1587,0.47201697054926584
2132,-0.07298081780357357
3242,-1.190405712155023
1344,0.15290444068665732
2351,0.24097677988547606
1573,0.07737161725599506
1961,-0.8458532998055883
2790,-0.9996809418867478
1393,0.148798910663829
3496,-0.5025641782980195
3894,-0.6531383103376003
4556,0.11264057290435758
106,-0.5834995355730612
1432,0.49287839624565954
4338,-0.4826814592252058
4285,-0.2522054984595803
4504,-0.3220186440561088
4983,0.33957698731463104
4839,-0.10739327157140721
1931,-0.2409532077411436
4826,0.3920130708771321
1218,-0.9721323856149704
1679,0.5614536971911397
2909,0.5303897751496045
603,0.20996543558494096
4921,0.0336158603268375
925,-0.2666276470057767
2387,-0.567371276334498
960,-0.17261520432059996
513,0.10085928521844068
764,0.38384449840250845
1446,-0.0985160036794106
2034,-0.1556640674167813
531,-0.006599465391346371
529,0.0088044934064051
933,0.3446629789063609
3171,1.1306759481259485
4335,-0.38889407527421493
4939,-0.004407540382074693
1919,-0.20301221966887084
2992,-0.13994078735122795
1349,0.5046886987117123
4946,0.05861412490741369
2388,-0.2962457503932061
3622,-0.2340400828980833
2958,-0.016669789541874813
906,0.3577100516500513
3218,0.48528632757399315
2334,0.4212869702100601
2446,0.2637485605647951
1786,0.721333216354803
2439,0.3437754295884705
3508,-0.2529339184472592
4572,1.254061450048443
880,1.1064758903643614
2217,-0.2572078192362435
2850,-0.7871195326958471
3060,-0.2379808078309349
1680,-0.12234856113096448
3824,-0.08910768853527973
524,0.5782691812887952
144,0.6412106671142466
3862,0.5517890302092727
2694,0.559806915662282
3296,-0.20031256087154503
4464,-0.0996931373890595
3703,0.23499474112346697
1217,-1.263783440204139
4852,0.1775637223427431
3591,-0.12020276230779192
4445,-1.688133867824427
3774,0.19893803363737472
701,0.3284168696873717
2286,-0.743925282023759
3749,-0.06609723978267734
564,-0.10533024287009685
855,-0.2765461126326061
2834,-0.22087207673587006
1913,-0.11157913419598842
1788,-0.12061463066808287
4635,-0.014733302019332761
3689,0.9026787644409877
3860,0.4118278236134998
4701,0.08529457365601978
4855,-0.1558399301224762
1342,0.7411338799338658
2562,0.1973821332279142
3928,-0.5488901797712948
755,0.06675298213300618
1606,0.38688321506651935
2044,0.31606616653066055
1252,-0.09628292025133867
428,-0.4350550851710695
1649,0.14884080119149434
3589,0.18949330156907163
2774,-0.24730528143466746
1683,0.44275095964799505
3180,0.349848790992489
2315,0.1038372427753993
1776,-0.36045027724934897
1508,-0.2576488708946245
3820,0.1710192475155612
916,0.5556048510772564
505,0.8766565399499866
3634,0.17754265137837955
4391,0.30570959256876673
1594,-1.4347198080847114
1000,-0.23995208608042873
3343,-1.07543614991868
1441,-0.002439070944399546
2668,-0.4102940225486824
3464,-0.5203590642265272
3270,-0.06855515512198984
1535,-0.033894657433029884
289,-0.3729632510511527
3390,-1.0457397644331028
2789,-0.5625764664458854
2891,-0.4764782700064849
940,-0.009533008733267678
3890,-0.40474240082281465
767,0.3876121879692196
546,0.5882248882500027
307,0.019964768927731136
1539,-0.781358379998542
2300,0.9283067219312846
544,-0.825360693614253
679,0.42857070509654704
3844,-0.0714578901611409
570,-0.8172217794419661
408,0.44502419579323593
2541,0.2544557289212728
3792,-0.33722025271044664
2391,-0.2502233086093213
4544,-0.6557677124724925
3186,-0.32996034664825835
535,-0.2328815416018548
381,-0.506388704347092
4390,0.3572215593741461
4969,-0.18570162481445252
927,-0.40076820876761765
1474,-0.022297761688886197
1420,1.0196037405348797
409,-0.5982029390034711
151,1.0557896136601084
3150,-0.5899243955508506
431,-0.5786717092876996
4849,0.04857241654558386
3944,0.16594776934482347
2402,-0.5875709989473883
1199,-1.2547926246789967
4663,-0.15954413668477319
2,-0.1391552313973623
1831,-0.2366592578783271
2161,0.022758700356564354
2164,-0.5111195185056925
2939,-0.6373290540327519
786,0.38922907195748113
176,-0.15171643752709318
4362,0.6190360052394848
575,0.579829389679996
988,0.12778367311839212
2052,0.024754024169711286
1243,-0.15826479354244594
4884,0.7011205623767527
4746,0.5371936966137314
2248,-0.3442889158621316
2887,-0.3614134249123939
4894,-0.31343453181532066
1028,0.4839982357260846
3708,-0.33272271534325704
1447,0.1104098641359954
52,0.35770747036577344
3083,-1.146164241575919
2519,0.24364574313879483
4080,0.2440491251824186
2925,0.491504812704739
4994,0.11284953541023501
3471,1.10992605237149
2505,-0.8449075601000242
1147,0.4076623652763791
2756,-0.19610655144182587
78,-0.7627391579578813
1642,0.22233054624507886
217,0.19528979911431676
3036,-0.4856562008667975
2394,0.06977554031612154
2624,0.36730146842392575
4751,0.10683049617191731
4282,-0.7581191097525881
259,-0.6002895720929162
2336,0.21348885106918392
2287,0.9328001689556649
1607,0.49303960010293757
3663,-0.5516878419676772
1052,-0.012126916025838597
2134,0.04720460262212711
771,0.5286455176366349
4328,0.04997519793860583
2579,0.3101429380375267
4431,-0.13512559688286618
4931,-0.09740614722871843
2660,-0.5174095436249591
4532,-0.02212386736591565
4206,0.7063614153161257
2719,0.9314927419606045
3787,-0.7329653875404398
1269,-0.5392170166514489
2794,0.23394965156735203
4322,0.03497659092098093
2691,0.01595366313827551
400,0.19977901164849943
4414,-1.0428760175332146
514,-0.7231216224317816
619,0.6512398807056412
2954,-0.6494700589808255
3246,-0.3466207217439514
2623,-0.40702495941816785
4945,0.8158858062910692
1013,-0.47418545184479033
2723,-0.1225537432406334
1558,-0.32520262203827954
1193,-0.1510898352304615
261,-0.2772185042392161
3430,-0.3827533012732882
3428,-0.24025901481225365
614,0.108531670049417
4575,0.22584139194480635
3531,0.1075608508995698
1993,0.499445492514635
2620,0.3099266981581197
3103,-0.8161049300408365
2322,0.6040020190699131
1078,-0.1601623696661747
1727,0.40543668063945937
3641,0.5141466389179001
3324,-0.07711611748524128
4086,0.19666445582908665
3748,-0.08277602361050107
3821,-0.17275535707831136
3914,0.012786643944599163
2203,0.19751060603804493
1533,0.12265485839246715
620,1.0678862894350312
1720,0.2543312455112803
3205,0.7364868286651403
269,-1.1099966318676326
2804,-0.6823876310133601
1951,0.5108681054704505
2766,0.3923000204320939
3445,0.18129871935263608
154,0.624257304986167
3160,0.4244901974709201
4496,-0.6223985732087973
1414,-0.030223977997370532
3139,-1.703535134306689
2482,0.41607417295488514
4417,0.36600182610044385
3474,0.3539695223486774
315,0.6548492829229957
4842,-0.5970077412732531
2023,0.8813883615795541
1800,0.4549773601890532
897,0.04324895050658917
1942,-0.16411310131850776
2709,0.05873133720418
2332,-0.04868517587481325
1878,-0.0022197248234032685
2114,0.6591900019217585
1268,-0.1178424629162258
4455,0.4258281125483512
4640,0.2648258411575046
2848,0.3393568819250863
1499,0.18936127822484128
119,-0.038522459119922026
4320,0.3554503365462178
2039,-0.4640080754118321
2849,0.25667373404446714
2630,-0.012434413351683382
1877,0.49215808093500346
2576,0.2926623010456728
4914,0.5036200103485573
3414,1.2161125426938533
3133,0.060375057976949975
2448,0.07800376314756718
3184,-0.17829007785280382
3257,0.6837495704683851
2284,0.23140254135836447
1868,-0.4632286864900905
794,-0.02811734315849357
2696,0.8193522269867577
2410,-0.4468385061209732
1529,1.0982580674929503
429,0.24992252787059588
2030,-1.2297160989024647
726,0.06688459334762964
4327,0.2776909538046022
2844,0.22416208342775423
3022,0.010585910702031853
1075,-0.9559231988974455
2084,-0.5663016990389824
2299,-0.6843567736475968
577,-0.22722526027450218
4035,0.5446995144685811
4908,-0.22770748109197925
4982,0.023179312131742513
3463,-0.15505958501499517
1256,0.483720967366879
1097,-0.1938253308424729
248,-0.24852642756959487
4197,-0.2521496500467064
4664,0.7210368653136587
3704,-0.09697450496237625
12,0.3721875316942933
1651,-0.42527305133544857
4162,-0.2433366905534733
4310,0.5949777204904185
2843,-0.11090459635423056
4239,-0.22191413402925075
4383,-0.585909784489103
2788,-0.47715948945013853
1926,-0.08405769557820708
55,0.16860261716992753
4494,-0.4239966182231294
415,0.5741218754361697
1608,1.1272903387199111
2885,1.3982856009733116
911,-0.005005952073977582
4958,-0.41169751874383564
2318,0.056235077290549995
1577,0.27893122350264665
770,0.1838451214011183
2130,0.224373782892342
3670,0.05615438516807192
3512,-0.8693411555982324
3431,-0.35498601442070576
3725,-0.03560673004274495
2193,-1.209152705307317
4812,0.8651559448315105
3371,-0.2662790490791638
3470,-0.2105096061865943
1631,1.022149064276146
4164,0.7219103047742399
2278,0.5772528148700484
2867,-0.35051015389483897
545,-0.1444233333281506
2924,-0.1533455491601119
3439,-0.9803095663702326
1983,0.2606292171033866
3913,-0.46497569948508577
461,0.1419823432480829
1787,0.3792338513410174
1090,-0.10662875485502532
959,0.1128175575941377
2518,0.30154613165044086
4824,-0.40919064259859006
3968,-0.7998586596309138
1658,-0.36690392139309314
2900,0.030732105367679452
942,0.012745865147273605
15,0.33465945492871807
4076,-0.07846912764641445
4186,0.6824634943357308
4819,-1.0929175621512925
2373,-0.04919074887689412
1984,0.22412367739493533
34,-0.16458972348174417
1469,-0.1293812238404346
2941,-0.45036920603734565
790,0.08932258576031504
4984,-0.037398325369302654
3169,0.6677281627763909
4912,-0.42866380604898957
1933,0.36601148698718244
3198,0.1098630831845151
968,0.6366151241783964
1757,-0.864875125982195
741,0.8556748149805804
262,0.38326921953427995
3957,-0.5241015351908569
4996,-0.3301702743684709
4691,0.08849694548095144
85,0.3383384056922534
3682,0.04282272229127582
2491,0.23092446968207092
1462,-0.8546746851812692
3927,1.5915848904519674
703,0.11237008002705284
4801,-0.05262916693335917
2099,-0.4922823434192214
3020,-0.6068146006232471
526,-0.05579925484005788
1050,1.0669599603444375
964,-1.4182164244641529
1801,0.5348870891944983
3482,-1.0094956658585117
3744,-0.17517785822067466
482,0.19207278017892193
353,-0.47708739595343275
4498,-0.22650707550884608
1501,-0.3404793443579486
3258,-0.2281863273489435
1502,0.056973057432851526
1245,0.30331832454013163
2270,-0.6727607877947612
4470,-0.3085029133399031
3076,-0.09772545250721709
2662,0.25887687312051444
1552,-0.2499592187683053
2706,0.29217610139067673
3176,-1.3463954583018003
1602,-0.20256513573811574
2820,0.25150007578124445
132,0.40684113185423865
2165,-0.4519386170249504
3808,-0.25547372825491355
2393,0.906241102883599
1668,-1.1115907965996588
3597,0.3834074866864823
450,-0.38099130033277007
435,-0.8236365562527181
4603,-0.20930004813781355
1084,-0.03410914865399306
1944,1.3324250118640446
2359,0.9641007493571507
1912,-0.651360935124969
1036,-0.5853629436430543
4015,0.842342028534957
1512,-0.9502605288632262
4092,-0.4857547022632298
2198,0.16665328508217314
812,-1.4069009503108418
4807,0.06782524210039664
4013,-0.3531828124922498
1804,-0.2625137134226012
856,0.15391320655280882
3988,0.7857189081372917
2679,0.24285356279834858
2763,0.17292609040884077
1548,-0.14471528335121597
530,0.43949581092078827
3250,0.13415933765007448
3573,-0.25175724330728944
2097,0.2163039281173429
1566,0.3011462276135717
4283,0.8689140489225835
733,-1.1582798802708485
1531,0.42274431912979527
4419,0.23957450900672939
2595,-0.6229098102524313
3075,-1.276987716268776
314,0.41434346492493823
3457,-0.13441965342724238
1107,0.2301810867189138
2479,0.7290702815960524
4030,-0.739377138052344
3503,0.43667073735486905
2177,-0.6279302513909402
2233,0.11710781303237283
2692,0.4552770963982633
1351,0.44634964743790384
4616,-0.7135036225061935
1551,0.09921761479953517
3962,0.05625825969737974
2910,-0.3431306875694764
4448,0.34218410509130504
677,0.36735002518444304
3447,0.5059531262931669
1115,-0.4372698027037174
3094,-0.28403277322593823
2224,-0.37250167175516236
3753,-0.5429637452640605
273,0.0621282095063691
1762,0.8808937006687554
902,-0.8245161321297223
3823,0.10798957160968925
863,0.12316378689502105
3197,0.3375793262328841
3592,0.8467588529145669
739,-0.3904865508701798
165,-0.606814707193422
2493,-0.041414410595092654
4609,-0.4177888626749571
321,-0.6871340342179408
3307,-0.5641485643389643
1941,-0.6328882773421256
2985,-0.10174905239965604
791,-0.6828573308702959
340,0.05615335499863949
3019,-0.6864662555553052
2279,0.11990223365700547
3788,0.6287469031248722
3600,0.24830614129840267
3263,-0.019180199474161164
915,-0.3143816250051996
548,-0.17168649823023774
884,0.5660688660076927
3698,0.22812777182075816
3204,-0.5092699419965676
1140,0.49950764011235727
1467,-0.1264203049643129
143,-0.27068589285226263
4976,-0.6103062955492584
2514,-0.5639419638904926
1632,0.5809344163343795
4828,0.2859065235711489
1121,-0.2952826428223645
3632,0.455414879209167
3727,0.20080932382160555
2419,-0.07702007155625612
1027,-0.10693309370109283
2488,0.3783774753484135
1062,0.21057825267817876
3275,0.4085623236414735
4591,0.4982051834086967
162,-0.17399839534978767
4706,0.33338207704250333
327,0.040597831249924
3484,0.19955065591341992
4171,0.5227704392058756
4156,0.505905171760995
358,0.8416207655340635
2607,-0.3969836964213336
193,-0.45029163559499086
1460,-0.2849759682184976
128,0.43077290005614977
4972,-1.635431182150218
2526,-0.7347314903478521
3554,-0.3730793899551825
743,0.007786013400503222
2442,-0.124381153877553
4970,-0.028906861233813252
4550,-0.15500817486064378
1893,-1.0025907915882941
950,0.26000158811319984
2860,-1.1913383760793756
4063,-0.49520636314781985
1850,0.14759540279088945
2902,0.1580796579120296
3758,-0.17728266846375895
3526,0.13121736353843794
2559,-0.17423213530297232
4570,-0.03310191230799209
1458,-0.4057502366727883
341,-0.6120901838062167
2597,0.00046053406300305966
2616,0.2591888490927179
2425,0.4418890390455399
2851,1.0625815953989006
3853,0.1726811555025165
4497,0.22122258903192193
654,-1.3252695588700343
65,0.0017258574864325027
4749,0.09541142238348055
882,1.1475191964047884
4397,0.4474564568645123
1618,-0.22424318685043954
3517,0.03159271104427752
3192,-0.0030391069692958794
1652,-0.6777015666095343
1478,-0.8316515744567683
1105,-0.9712029347799946
4534,0.12710028705672727
714,0.1408755720574444
4943,-0.011487497655667589
4518,0.32506942285509677
88,0.36759256113177674
3152,-0.5347833616666469
1074,-0.24924188064555608
126,-0.4494206490726542
2584,0.43605884333610234
3629,0.0037569492876743382
3879,0.2068861369638455
3278,-0.07829469245226228
928,-0.043407394607683614
2171,-0.5158520929307073
1418,-0.8336390977025552
2883,-0.5747989615822151
1126,-0.21110088417487116
2222,0.810929950071877
889,-0.42358539062538103
1968,-0.31939566786913165
1253,-0.45377040284397463
2458,-0.1438385329936942
858,-0.2942236513631551
2962,-0.7562720180868414
824,-0.8864299245195957
3309,-0.11634687245583919
3577,-0.606528245633938
3209,-0.7148665377392591
4811,0.17012838154448406
1682,-0.45997483574060904
1223,0.6894258157527755
4529,0.3119616811176451
3443,0.501190182955292
2051,0.0688065821948376
82,0.24124648067595977
4648,1.2418581266569415
3130,0.024214290810574468
2596,0.3502412953624612
3567,0.2266335560715369
3398,-1.3555780890067037
4106,0.35760018637680524
1459,-0.7864772066809707
4067,0.25478016878719156
669,-0.05372323042382732
1037,-1.1219679668647098
3999,-0.5603233682679463
3912,0.9545798042665652
711,0.8454905234016152
2572,0.6637634034330109
1527,-1.5709891704976595
1815,0.3116317412503946
2739,0.15552031013196288
1930,-0.13312650111144997
4415,-0.5203482340063603
3896,-0.4178020503861619
3259,0.342383479869933
3688,-0.1306163201909083
1710,-0.01099312768880889
145,-0.6158232997838953
1975,0.07299936201593038
623,-0.11547873054742297
2544,0.2839520812178975
4228,0.30131221499665095
2070,0.3841730062611912
4886,-0.06964556271339362
4168,-0.022258243687409696
3550,0.33412351638144155
2868,0.3531742609205244
4605,-0.016997804295733943
4185,0.08807985554416131
4952,0.8916016251598293
4120,0.2526825168146738
4674,0.341472514626024
4254,0.1063265224159391
1964,0.836128738309676
4490,0.1093132104069996
1431,-0.4245347997581401
1229,0.529671004401739
1102,1.2480593281270496
3719,-0.13615531583960916
2259,0.2675937069936829
4941,0.2120977441556402
474,-0.10255558675669718
1315,-0.45054950165453356
1300,-0.015700356741700894
363,0.39817246376821913
4590,0.6956835074447509
4487,0.3789945146478706
4258,0.49994770875738404
2260,0.9683915890649759
4988,0.27456307674328695
4688,-0.19534314484753157
4803,-0.4084951075056811
1167,-0.20769970846640984
2760,-0.6300644003239073
2515,-1.3000653049584754
3164,-0.6708548864508765
1484,0.7145584160581944
2681,0.5659016431583135
568,-1.4487967833809154
1204,-0.5982342981435274
199,0.017686563616258866
1226,-0.38358435259480483
1169,0.16092906490749215
4737,-0.4502339636825381
2445,-1.2474559625946124
2463,0.3343998314304786
454,-0.3823572677660465
6,0.6877071432101713
2029,-0.11082224668229124
2354,-0.16242742278303446
4456,-0.780292568202511
4592,-0.39107383553009445
3661,-1.4397686747743093
2520,-0.3097155968209613
3397,0.05430029950521931
1295,0.6300968335706054
2908,0.35836348423077524
177,0.02617053947935144
3489,-0.4884532699851034
4027,0.2948263948075027
1844,-0.2589507432638012
685,0.20191327911443757
4741,0.3574841975612406
2714,-0.050741263223446076
4430,0.10554373955618424
3320,0.5108134788337466
4181,0.35347351192783627
4574,-0.5455086592784752
660,-0.23136091425466532
1920,0.08965840921735868
2564,0.025665947634120556
2295,-0.2763010614353263
4646,-0.495516308035854
3088,-0.39764553310944795
3647,-0.2740716067408906
1534,0.7399079010225247
3798,-0.19848652985361515
3162,-0.0054279238526406814
465,0.6473211388488647
129,-0.8158088758227482
1989,-0.27496600751084443
334,0.21018673368244567
4760,0.2840998697874113
3932,-0.19850597856487617
3588,0.12075552557885505
2129,0.4833229554956544
947,-1.0292353867309485
3842,-0.021079125629834827
1272,0.7892586402099129
919,-1.2846436619009909
3561,0.5607351098411559
763,0.8272812116641717
2539,0.5991786105779653
4175,0.48452752345453476
2563,-0.8941951076970014
3768,0.24032813194243463
4657,0.29444237177178234
4767,0.19623659086907086
4774,-0.48840451908921256
939,0.39621596766871914
4512,0.8355406734771611
3469,-0.20839798128316467
3692,-0.1659702685130986
4573,0.882445228975338
3038,0.20156961638815307
1450,-0.7213917116942037
2421,0.19546352998008043
1328,-0.45288419258175416
2417,-0.3500855778886276
4314,-0.35268768610662615
53,-0.24189273811099188
1699,-0.4006149128625891
4356,0.09962203840452322
3477,0.7633388340268192
1487,0.2667580879604463
2776,-1.0177509647546437
797,0.36115569033982897
258,1.1291489755195467
1648,-0.1650461168497399
1585,0.38259192087051463
3825,-0.14559849234499822
3714,-2.1986747376820093
2330,-0.038986753499365534
2547,-0.24310308694183203
1755,-0.49641031443648753
4785,-0.13423431351087256
3871,0.11390943848701784
4505,0.3117959165332733
3248,-0.7085100294834881
2156,-0.22190000550985634
1363,-0.3758130135023974
4637,0.10281612206335033
1211,-0.6305752363713815
3760,0.5511522739299402
44,-0.44880065857126095
1701,-0.2710182828910588
3235,0.1325122811715751
2974,-0.5665176635647775
2185,0.5386824426454266
2372,-0.01145591171398408
69,-0.972792925272068
3434,0.422432756495124
158,-0.5942198874751048
3045,-0.06078953684075916
3063,-0.4771918843971079
468,-0.5861949959649522
1979,-0.35198018792044117
2638,-0.17425730510992565
806,0.4041457223346461
926,0.29158227275823556
4201,0.5658802317692677
4400,0.28509136229681875
4805,-0.5200536735466317
3369,-0.22456177748306416
4704,0.4989299772010716
4934,-0.3535745433278885
2720,-0.1559861734597261
60,-0.7267114262447176
4521,0.07154960927764353
24,0.327837190826366
3532,1.0406327810861162
4187,-0.9158968703348798
4499,1.068173519572447
4669,-0.972090247659481
246,-0.14308363861855522
4208,0.3712869794767757
1053,-0.12166052340316647
1316,0.9496376976045697
4692,0.32914051141020284
3005,0.8027589469072787
930,-0.35376224870480577
2892,0.3500088444840186
750,0.37761887818122464
3280,-0.5096390742115648
1811,0.04072876689138116
2095,0.8849851560199653
3154,-0.8443205586033784
3513,0.4575400820321329
3728,0.3420872720608932
4217,0.18448564734331097
4643,0.05188996079491215
1915,-0.631257495636186
3224,-0.2966976524674587
787,-0.6891249318036392
2713,-0.9670257620832601
4836,-0.5299085792872331
1925,-0.8096926037439243
2815,0.6485325663290444
2552,-0.13546660902496033
2995,0.8176733022338256
2940,-0.16829242560656077
3240,0.5297794097696968
4083,-0.5071838901961341
323,-0.2735774463519087
2096,-0.14907106853032204
2262,0.35427456908657184
3106,0.4832458475315118
3408,0.42673943107281787
4173,0.3768954798373265
423,-0.04599511558484615
3619,0.49598039059221843
731,0.58016731532941
4131,-0.4695915421470698
1220,0.6780403813336076
834,0.07968877724146939
1520,-0.8621148663996401
2007,-1.2634456338926103
2429,0.8375455893724881
742,-0.24417336070075102
1232,-0.4079017914577685
3435,-0.47519478563334605
3800,0.31114182767740584
3402,0.3647529960278355
4353,-0.13733432252415767
1813,0.06876311697742299
3293,0.7702836657418493
1503,0.1994040472894616
4655,0.2927765841636276
3710,-0.3365544102032896
543,-0.5064071464701492
832,0.5982632017555973
173,1.1582129320223489
687,0.5916085469411021
1141,0.5910652840117576
1873,-1.1985971091598318
1001,-0.30676974866387674
4330,0.7077149892236854
3122,-0.5344015692907007
890,0.20920411343029777
3158,0.20244837488893452
4626,0.04158212434215436
4514,0.4742608150044969
4406,-0.9252818154982307
4488,-0.3718993395903425
2323,-0.25414808995929583
976,-0.5394140859210141
1086,-0.04898581887065756
3850,-0.2627175355517197
4367,0.43637850658697186
3159,-0.8402378348185469
1149,0.6319837746292638
3279,0.44894203716450143
1082,0.3882764850591114
3050,-0.02765047745153293
673,0.3847675861592883
2622,-0.3885194551426636
3606,-0.34311470117252174
4329,0.3719850247537826
4978,-1.2566354294189255
4873,-1.2550693797451151
1473,0.6586907112366971
4388,-0.010330744685661308
2897,0.11466917000356691
4068,-0.7465520265257002
4519,0.6234358691660242
2065,0.44806773830641067
1990,-0.10243856944170115
4125,0.2806386076512135
3630,0.7652845499838126
239,-0.4804815481199798
1592,0.07478206720489577
2782,-0.0030443592157221033
71,-0.5591390892944341
638,-0.4215532792690375
4267,-1.0268732590166945
3491,-0.8163333713604874
2110,0.10849237537450485
1421,0.1468157686980467
2358,0.2674862503955113
3886,0.5918044092020436
3750,-1.3838237154248558
641,0.22173159141338772
1238,0.21658908272414212
1950,0.05551486679572104
2839,0.1935301646743941
1884,-0.1752553899265772
4016,-0.19441574978542953
2255,-0.0532798594152073
2079,0.5565784127001692
472,-0.12111683893021397
3053,-0.35292297159006836
3643,0.34910388215695676
789,-0.8918817882941861
3153,0.10885427519115431
3524,0.049264282748679555
1200,-0.5648659307597219
283,0.25320375481048707
2468,-0.26423045856367544
898,-0.9564001801654056
876,0.48755855551968974
4840,0.3714987050200884
389,-1.3265890289117364
2858,-0.1551332961432914
2239,-0.39612275153108367
2866,0.12712142406339222
3308,-0.31842580273946375
3900,0.5652136863568478
2590,-0.002532812470367851
3173,0.41175178658461054
698,0.5769622110366361
4263,-0.24464761026949233
3301,-0.027614169993385396
2119,-0.5229835087363268
2238,0.11904345339198219
629,-0.6012741019547256
3313,0.9892249841796996
503,0.7938036869856333
2994,-0.05131506902427674
2476,0.3812087485470812
1208,0.18308822595817542
3797,-0.1433280446768821
3549,-1.3799964288330093
1433,0.4765297976910503
3935,-0.883807213066194
2535,-0.7586327094645915
3462,0.5239520521187409
2967,0.05994443338813582
2919,0.39804700242378477
3739,0.23746373026131717
4629,0.4704940897786214
2365,0.2559554666462942
2418,0.407285759468647
3930,-0.4979967744787217
1863,0.7289517611799017
3644,0.7641994282462656
4203,0.5490813633913811
3362,-0.75539670619722
1554,-0.4940264353993342
1202,0.06223283268024815
4116,-0.2519518822477833
4210,-0.1345630098509245
1684,-0.3331743039502504
2757,0.39812047932132977
424,-0.4959771849877592
1391,-0.26344918847728316
782,-0.05960491815858315
4117,0.12831339045831935
293,-1.2004814439718023
1011,-0.2137737903947503
2033,0.008823373728065853
50,0.044975321277942015
4571,0.22180683388872424
1304,0.0967394154565051
237,-0.42832983999574115
1139,-0.2372178376030467
2831,-0.8780561993668137
201,-0.3050329505738185
1098,-0.12825986575288795
2143,0.3356818144417826
2628,0.19413875694546778
2151,0.26474040529493337
3990,-0.3303132622399758
1465,-0.1289173393620482
333,0.2623890983143733
1506,-0.29154365520338743
1971,-0.7692181580231185
2302,0.09543236970241775
3680,-0.10717431693021329
222,-0.2025141378512405
4748,-0.7018409362373461
345,-1.0465926111383244
1662,-1.9429904768256234
4600,1.1571066663450127
3326,0.9717435009193194
142,-0.173121457669831
972,-0.007016436044282592
1411,0.6253228459224802
706,1.1894013744920766
3805,0.7320026083301432
2567,0.3600411988822545
4053,0.07778343733638948
3281,0.07264143725617345
2073,0.19395162047558934
2186,0.6013069146966572
3859,0.5043378066095023
1045,0.2594995213687987
2578,-0.12095620231102533
3008,0.27065573576696167
4111,-0.8726863828410707
3298,1.2557193410088852
3511,-1.0426562521602918
18,0.7378578085491929
3877,0.3061460939651308
4814,0.5149043469992565
3421,0.18759155653248794
831,-0.1719446439703658
2779,-0.2863583875657234
2830,-0.0079039871317379
2785,-0.17918775668721132
2189,0.48562534273771707
4276,-0.27226761426931745
3938,-0.5034662294835339
4424,0.6586902319741474
810,0.023592321544265715
2565,-0.04152762462031845
2059,0.4941004771183115
3694,-0.02377507061452544
441,-0.7845296882267698
1023,0.5266667529506348
2953,0.412597767128176
4830,0.8724542594916054
963,-0.9546724750244575
3479,-0.21130085755523176
1073,0.45399249936796693
2381,0.20611980521953743
4963,0.113299832477475
2376,0.22451533407511892
3908,-0.9699516825560401
2862,-0.08111427308570818
1308,-0.19403628705441012
3041,-0.3115110488249382
3502,0.326594460445917
319,0.4335162657721785
554,0.36643617853818533
3570,0.08231249185195999
58,-0.11367786128728596
94,-0.33037239024486187
4880,0.9493540102036198
1372,-0.07242343804501772
480,0.06660556918541438
4730,0.005092470427379148
1690,0.7622643801548534
4341,-0.6890687760496466
4922,-0.35852777360432064
3724,-0.1344560287076444
449,0.9196416007416701
1247,-0.7289620322811334
1945,-0.7161779881718298
4903,0.8201583684049156
576,0.4240644324803746
1095,0.9219694614596072
4225,-0.24716442360671387
845,-0.23508343591195136
3530,-0.6717556844744035
366,0.4747331729333695
433,0.4255353022687034
2977,-0.16010697709003185
3598,-0.1650875332788031
4457,-0.23348344831370937
4017,-0.026817217384166092
883,0.8319498512717143
2543,0.5240557932808718
4961,0.8127107407984271
1731,-0.22300175060576155
533,-0.3216284297081069
3175,0.4114566148550365
2250,-0.08973585850109256
4942,-0.3921465108324309
2780,-0.08323545950141131
4387,-0.6246881506310524
4622,0.37549231218949064
1307,0.0036123160688807943
436,0.4617333066861278
1517,-0.9181752989733143
3453,-0.21396278755277987
1341,-0.07942678658944136
4915,-0.5545399664278721
3802,-0.2393601780563328
1068,1.193170121092959
3135,0.4645995468072748
4680,0.32349934373531575
1310,-0.5350738006348434
3189,0.3589883229418209
1301,-0.08668092867714972
1099,0.6093736657458093
3729,-0.28358848665508773
3146,-0.8445729119832093
4783,0.7313515429437087
2162,-0.20929016280112833
4883,0.10113824817946249
4453,-0.0816057140379014
490,0.6276936870826919
1581,0.26541587659327526
1666,0.3166618395602434
4043,0.48562395461973473
3292,0.8121696332027639
4867,-0.5435063662980362
2886,-0.8122901544607029
1579,-0.2747606214483378
4100,-0.2974559741843157
753,0.23492287726138272
2301,0.779572810921433
1792,-0.2749395008750426
168,0.578198193006096
3355,-0.03690790783053988
3368,0.19964433221556455
4089,-0.0973403033263267
1056,0.21397628978465733
4861,0.14047823861369846
114,-0.1601047488212508
748,-0.4471815614673611
527,-0.6593629918527864
1014,0.16470733779195168
4079,0.06793879190458085
1241,-0.09653113761419174
3917,-0.23338591076505555
1066,0.4127211164013156
4888,0.7295133776702745
1324,-0.0562981594512042
3898,-0.34218210352535117
422,0.5753060357571318
4109,0.00677396247855544
862,-0.16267502831074587
2282,0.21840458859902157
3,0.1457739767765407
1732,-0.44148419958102014
1881,-0.0028327408253794317
13,0.9299416395046682
936,0.06250494190673361
1321,0.21737704563329974
4425,0.28436230422525544
800,-0.35801309470245446
416,0.23384529150151678
62,0.052982067554451895
4938,0.06891133940054939
2914,-0.5710480577569541
3718,-0.5524475264647473
3965,0.40428314676570754
1350,0.4590961268768261
1250,0.30363687166731346
905,0.6269764548860008
3906,1.2516925570625927
2406,0.011552798176071022
4025,-1.2634870807122827
3830,0.3628221130300462
4676,0.4816619873150909
3393,-1.2729718253741442
3071,0.2171920556775424
1463,-0.4071305859147092
3902,-0.06454027599377454
2665,0.20205321784426022
3905,-0.17578563613130704
198,-0.17658961411048057
3321,0.15127345562300842
4862,-0.3291190863889284
2666,0.03624291271153268
302,-0.8816154726901262
3185,-0.42975723164560353
4255,-0.947791104728827
2234,0.13460204715698598
1439,0.6427864896644175
3907,0.3578094258888749
3897,0.2714009270976101
3976,-0.2568799374585442
3659,-0.17108380837520265
3945,0.6857285408097953
1370,0.23442562373165288
1088,-0.7876491471885609
2199,-0.2531871446888889
453,0.54344425892626
3566,0.5454443972259515
3975,0.5895089161033722
2829,0.4315611565672173
598,0.0698877597655585
630,-0.5853386746466951
1198,0.5646406670813509
4773,1.1592318162966615
3031,0.06162544146094984
4317,0.48672631202775296
414,-0.6467670992200434
4898,-0.39067760903531656
585,-0.6243100341289711
1346,0.5439450869564277
3610,0.3239698067499299
4923,0.21186583282292393
626,-0.29337790878941483
2265,-1.3878733545205462
2742,-0.07525172580264705
2396,0.027433272213509774
1352,0.07511488432944358
4438,0.26284611009862413
1072,-0.058067997485826695
3942,0.7438486043866392
3415,-0.07834751441333854
3344,-0.19164161664424828
3062,0.05185452830917203
4650,0.801160473163189
2346,0.2666609481285578
1583,-0.19527219963929898
3237,-0.6662489092200872
1584,-0.34635142086928106
2035,0.31569502476555034
3172,0.10447493677646236
4732,0.3144579634391764
841,0.7540378599952327
2061,0.27071442213253594
2534,0.4415496712750855
4727,-0.9089786911166913
2649,0.17351031005512407
138,0.07998510343100307
4268,-0.14527247906552265
4686,-0.30738466003737575
2987,-1.3405664435145317
2197,0.6549518396325205
1572,0.8361251935417133
2236,0.13175815836557803
3007,-0.2827604167731552
1738,0.10690824583960268
4951,-0.9347223768736468
2267,0.03417747386633341
2432,-0.14106189459084018
1795,-0.31913815613176855
1022,-0.022052890603964315
582,0.72116118161488
2451,0.500725751162113
1030,-0.470917354120056
3994,0.09917835738784131
609,-0.38735246769322274
4545,0.7144282339523267
4711,0.02007943578622129
4878,0.06242996577693383
4295,-0.1302192212342277
4021,0.968407484820629
4133,0.059371829117988995
4766,1.0238500279609726
1033,-0.09785050359755498
4806,0.12303810471453147
3713,0.03962024569268863
798,-0.7262428104526721
768,-0.6996690790224855
3781,-0.16899884466207915
1519,0.10434684187311571
3575,0.045981398121367256
2639,0.625631410429679
729,0.339240717406482
2870,0.3865266286504392
2944,0.47531292492841715
2603,-0.7226675262518496
2856,0.17897799991096353
2647,-0.308300165341973
1798,-0.5531632030205307
2755,-0.20980061392304084
4991,-0.18678193545938004
2561,0.6168272172238431
395,0.07946562745615893
565,-0.30300395529520063
954,-0.2390847859170835
1164,0.5285442521883104
2074,-0.20308720722487994
3016,0.5232269956358637
4319,-0.21750441832795442
4301,-0.36629460298815797
3623,0.19285980557480098
486,0.02676849110150581
1562,-0.2061058162621121
2511,0.12423358713163779
921,0.20882338788985333
2928,-1.089493517752131
1555,0.07673845432550763
2929,-0.21726685615809238
3140,-0.5122638893734957
3954,-0.4700398502155769
621,-0.01292774876153402
369,0.378110267625674
3476,1.089868510675025
932,-0.0023817435049133806
3268,-0.25776303987432136
2277,-0.3674515626976085
769,1.2511446219684457
2333,-0.8571322949854654
2840,-0.022342177567879595
4911,0.5605458987647216
1340,0.8996932551415373
3216,-0.4593503471109832
2115,0.4164562432923855
316,-0.36722855191499093
4293,0.20205740342390222
662,-0.021059873797840467
2420,0.5619665910317853
2208,-0.034009408279811915
4000,1.0434481305049195
2170,0.04394986310137572
445,0.2698002386934304
3500,0.5016181160082693
205,0.10348401743464564
1402,-0.7417878001207043
4251,0.40366375327151527
3545,-1.2317532133439553
471,0.2051321119909666
4437,0.3214158593959615
4192,0.1645918546781644
747,0.9967615614306586
1059,-0.316089231737001
380,0.041742591006974195
1972,-0.14176898001927274
3168,0.6925377523466407
804,-0.20376167153480207
2641,-0.46764552372641166
2141,0.4981194815690788
4584,0.7377997740077973
4244,0.6267935230056283
4138,0.8002258330218117
3047,0.21477044640934295
3244,-0.45706582849798405
4565,-0.34156912420412144
3493,-0.20711613077082447
2055,-0.8622266574726805
4477,0.3212736865080146
3195,-0.07939760336956514
1794,0.07336400667349086
4495,-1.1284117701287855
2859,-0.26626343597500046
4513,-0.06711777954726816
3029,-0.45980224416006
4789,-0.18615857940452418
4937,-0.13983681722010832
1616,-0.14973704950018174
1513,-0.14103915515287468
4678,-0.3371428477727987
1510,0.30668345661791996
716,-0.5889934602338815
1374,-0.3617033902675093
3625,0.689609752991025
182,-0.9404824869302173
3533,-0.17355236857667755
3755,-0.1789073460132684
3534,-1.5111572868851217
2687,-0.7333886622789914
517,-1.221974346581356
371,0.67215430586206
2527,-1.0461180287274399
4631,0.5033412063020304
1271,0.3199422625431385
1943,-0.18527308478110793
3569,-0.18912851927653307
4466,0.37495075488511453
2390,-0.34034969812643734
209,0.014121078797731279
1837,-0.26199087009633004
590,-0.3769020509102958
2050,-0.11003666758261144
1681,0.03890729540351057
2898,0.13297878796028684
1428,-0.4425781954039527
3759,0.021189762375564136
2237,0.3303397886340207
349,0.3422467874750712
2585,-0.4729578449021883
3814,0.3944853373131023
690,0.032828938758981074
2890,0.17102018203629843
3013,0.8962736175354689
1865,-0.5658392999868047
1367,0.3719826985028467
123,-0.8351813052476977
407,0.06382848821852605
2733,-0.3683295996180771
4916,-0.6424832051649583
3086,0.022451440651766852
2100,0.45637301164340904
2031,0.18811736276648716
2874,0.1979795531115558
4004,0.4028330681476948
4432,-0.8367684785453271
2621,0.019253908537263165
2915,0.5307399684240766
2748,-0.40003063480244627
1715,0.08174758800179305
3082,-0.40775865667898525
1331,0.2800702571648639
811,0.20758744149956598
3396,0.45974119372761635
2104,-0.09055936710694645
4309,-0.21942067385529196
3254,0.10151318781705054
166,-1.2686388197183334
2938,-0.14596354584090854
3384,0.18114138368418864
4954,0.7922877471496976
2467,0.25446858076414713
1822,-0.2109630132322735
4139,0.37183188574439097
1835,-0.31593395053358186
2022,0.4962740528310725
2058,0.254229000293817
635,-0.1702496632182937
4775,0.15754694481188736
4623,-0.016766434577878186
2140,0.4925182819713161
3295,-0.16084801108233737
4071,-0.2892247730474917
3509,0.7036531934763266
3472,-0.08167776364042911
3669,-0.08873946797586729
2057,-0.4054701012334583
4340,-0.6073766024001905
4099,-1.9237592266186736
1654,-0.29069181328415095
4058,-0.6170931936875439
3452,-0.2566288780067687
4734,-0.33332760598924516
3230,-0.503130771571521
28,0.2745101608320928
955,-0.03599967202990939
4333,-0.4748426467928857
370,-0.22363400326246108
2688,0.6166519490725113
1397,0.36032506752535554
689,-0.0021803527411297097
1284,-0.4759396073212585
1135,-0.8659058866711602
2489,1.0159588803619641
3691,-0.5027140983310661
4528,-0.03472951481023756
737,-0.5033842043823649
829,0.4099897307155196
807,0.3859163778107728
2882,-0.3204187564522707
1064,0.35228667434341876
1688,1.1496227488209723
597,0.03798015743251337
819,-0.8280613012432063
3934,0.4965527099009579
2553,-0.5241014544654714
4459,0.42016092301856034
2182,0.17309071595065273
1514,-0.4495455410498135
1775,-0.6723046986861574
2012,-0.2419695505087276
2531,0.43976305170867747
2056,-0.8291638346771828
4404,0.4001088754329114
1647,0.039057786565462216
717,-1.2569591722629
2366,0.04881687939074375
3030,-0.20696883970560176
995,-0.1140823059156455
583,-0.2325261666972862
651,-0.5768103549156569
1158,0.2694425548974291
3978,-0.08557774194933376
4174,-0.3046247269403173
650,0.6511601209737501
913,0.8206992694109347
2612,-0.15460496851119654
184,-0.21875192343267713
3354,0.2536008960520686
476,-0.2569988643154062
4879,-1.1488385487632744
591,-0.036865150656361756
3671,-1.0770019085254967
2139,0.42833847760464305
1761,0.6700853914934708
2743,0.0150960197330674
3910,-0.4388770672167235
2979,0.9899096327885362
92,0.28672679382844457
4800,0.8508217018914745
1948,0.44233022142057354
3387,-0.16176755999176873
4697,0.4529665650584471
4298,-0.01569174604071577
4552,0.7557041618125009
2009,-0.35045923698912684
1623,-0.40454741060956767
2251,-0.07154703941724438
66,0.32707366019121586
1826,-0.43246740051479016
935,-0.6012030940466424
808,-1.4421742173693284
4212,0.1450524171583787
2348,-0.9853039999885969
2477,0.44453956790759097
1505,0.25766461478238867
4695,0.11794342550174708
2135,-0.15720915945851477
4423,-0.6458616633975156
2252,-0.9714448361783248
3841,0.6932350081079486
4101,-0.43579168507962596
2655,0.4550966227981261
872,-0.050971401551293205
4478,-0.020894156144596998
886,-0.21492877553831846
4493,0.2963896939769963
4248,-0.21599453398609647
4687,-0.01798908808291877
4278,0.23110337273002823
508,0.8650192142790791
2400,-0.2632601721740624
43,0.189125704526651
3716,-0.11395215885618626
3325,-0.3729186392814787
3210,0.12252532527384741
4222,-0.2378125234405415
3475,-0.04672547942773342
1870,-0.10415962935210743
3915,0.042298239113692127
1448,0.1197910503919637
1833,-0.44154681130410633
3693,-0.2380315858837001
4032,-0.4893628489324682
2109,0.3377424084878582
2864,0.5753314896701696
518,0.47039818668475064
265,0.7375611075158259
3480,0.6652780071022981
3815,0.5482905341351678
3432,0.047550139347011466
386,0.41359974775222774
542,-0.35914523009526533
3423,-0.37147742701654884
1802,-0.15570374212348703
444,0.01259064974599955
2163,0.08431522475788711
2309,-0.090163156856371
721,-0.08374671770899855
1190,0.6005682932994585
4463,0.43057894812180386
32,-0.06830350915253014
3822,-0.23168096619678558
3941,0.02244025100858149
3232,0.08082539430351687
4115,0.8437971628660197
785,-0.12138937563746932
1332,0.6553677383729735
1449,0.3872734795780337
3058,-0.5166498304156653
4150,0.07105460814621711
2991,-0.8296753123817497
1040,0.5945195573721165
1821,-0.5429831377851171
2319,-0.002170317208231687
391,0.143866421589526
3454,-0.0005765212953035004
2619,0.2707885476775651
2651,0.4605333623284311
2984,-0.7626973036136651
446,-0.4880836988332877
3737,0.1067757772385649
1999,-0.2469899020004407
3043,-0.10138687187391149
3939,0.4429593561950069
2583,0.1592619642731936
4163,0.5112828602992554
2311,-0.2977357413263535
4979,-0.1314041008580249
980,-0.45886527876908456
4274,-0.20108430739054395
766,-0.19486236767925202
2536,0.9304426057005433
3684,-0.07357217506462899
3255,-0.5529224091306748
847,-1.205646237214089
31,-0.8188507976626749
116,-0.3968806368401099
3182,-0.800503619430164
2525,-0.6315014373943244
566,0.132580749352873
4112,0.8755858517763864
1630,-0.16394741012717962
1094,-0.6140677709329001
4693,0.3340202786276505
1120,-0.11630423123291944
3116,1.3693088176869042
4142,-1.6711652897824782
3057,-0.22013965278151115
4242,-0.5856593714478162
1862,0.2710882951361411
4458,0.6657718792862894
4713,-0.32313891252495974
1790,0.07003998084860541
4153,0.01699131221666228
263,-0.5630295697037511
3023,0.005059181921346578
4028,-0.48725261753932436
2631,0.13854687107033126
2637,-0.5344356459442254
2409,0.2946152281870269
3638,-1.3274325930271855
2494,-0.6073066053822336
563,-0.17811362337944825
1687,0.3273228672165889
4304,-0.8010841451692396
692,-0.14520756413585545
1451,0.3200358999064159
3239,0.510174791824384
3128,0.6422300154529941
2529,-0.6605517626474562
135,-0.41687699820909696
2555,0.390925458794694
1739,-0.2684933833902141
4009,-0.34583611194331443
1312,0.20275322190112988
282,0.44837696696951124
351,0.2526951209838497
1165,0.47223868270166225
3839,1.0312462592452265
2657,0.20453054751602817
1044,0.7292912037738368
2889,-0.2703748075794916
2440,1.0776044247052994
571,-0.5456052162162095
2392,0.0179881913586053
2037,0.2520780005073471
3037,0.39680379297436996
3120,-1.127098828035507
1845,0.5108881693678171
1629,-0.571123006576503
984,0.10119258636697825
2800,0.4082453306314582
4685,-1.292959873639571
4546,0.3774030206792425
2142,0.5811517648524074
3764,-0.29915132229369856
2094,0.295830166851375
356,0.043641627191485455
3486,-0.5934814004968301
458,0.6618201589842112
3370,0.42923316766081054
4421,-0.17572270516356703
4502,-0.8347386389431941
131,0.6278682195364702
4223,-0.04348009093507699
4539,0.03882036705218095
2721,-1.2579113987761206
2466,-0.0593641037572894
1311,-1.0206788658045953
4897,0.4508005695503625
3488,-0.1436107851575379
488,0.32720862533426853
3110,0.9801929180672486
4465,-1.600433892513096
1770,0.32904419466697554
2695,-0.41430325178077076
4825,0.3912380553085013
3518,0.8026985990279982
1667,-0.009622068114806481
946,-0.12422127254993143
86,0.544387376871085
4731,0.611984601882475
3256,-0.20421485487860203
2947,-0.2588456921253508
1516,0.6100501208816507
762,0.35943212175494565
4630,0.2962840656288144
1132,0.07693011297079977
3345,-0.3669384248407779
636,0.34801006242780197
3552,0.1702502110697992
392,0.03843683091915562
4155,0.48922080546356916
1051,-0.1298417439277495
2644,-0.673319811198219
3528,0.9604856621282929
3756,-0.1745078925564485
467,-0.5689415164980103
4765,0.3455846009914998
4641,-0.8916669537809341
463,-0.22567518902946038
48,-0.07501261067508125
2293,0.29112233123151565
694,0.12581227364919467
2601,0.018441005067160177
4595,-0.08495064782550621
2032,0.35850247215990194
4084,-0.21030679823969312
1327,0.5223944938040859
1571,-0.6474878321195776
1356,0.5665219354361497
1156,0.13168250569898543
1827,-0.34235383543225417
2762,-0.2175715730174348
3401,0.4646778678769312
3876,-0.34156154540827455
2836,-0.5669744608511431
4977,0.25093486839559365
1080,0.402795545002391
2556,0.14169678486485626
2990,-0.3935319537198021
3141,0.4068930934081658
1894,0.18410380184158548
907,-0.37224977230323564
21,-0.5147841388042966
2169,0.5815796314358845
4454,0.6242487360111015
3775,0.09682902366507928
2273,0.6504962264921588
1967,0.11026264191653645
102,-0.08137169204645645
4385,-0.1068086222774225
1916,-0.31098700045530414
1343,0.6853394172605309
2821,0.13946467242646587
2852,0.31539609621519826
3290,0.20219857233909622
4259,-0.248267873569203
2495,0.008461469683322065
4026,-0.35585602159215224
1429,-0.7170047216122413
2258,0.8180542474852404
672,0.2627026595954369
4541,0.03289696667524655
4290,0.3582082851817532
2653,-0.4902260378017633
3580,0.1894935113636773
1568,-0.5426957898531946
3386,0.6233929602521595
1869,0.28082101023369965
1267,0.20606703090648626
4536,-0.3571204100645984
4893,-0.8137026321481029
2154,0.6079265699494849
1425,-0.9314823181993299
4967,-0.06165126991730574
180,-0.49883521470663794
4460,-1.518624178765486
4715,-0.2683412978878037
4194,-0.1698585336201539
792,0.06411425312227603
4659,-0.8724723481826455
4823,-0.05683818127129214
4935,0.6788819699449444
1825,0.2290645434421501
4297,0.17737588406608307
2492,-0.5733742969645998
3605,0.6087258302207745
1174,-0.12920806543842378
4045,0.20848541548389132
1177,0.5069036448188182
3819,0.6244399975065766
320,-0.15184240543804517
2965,0.22072710623974068
1853,-0.2383727156975981
322,0.7730116987433844
2235,0.11101654552617024
364,-0.01424217169743347
3127,0.05957037334419013
2124,-0.4804902584990307
2783,-0.0879383357037602
4889,0.16029148563594386
1759,-1.0723624147050206
1697,-0.04949005404064177
2949,0.10937713502215818
4624,0.6746024366854062
4793,0.36725623176342914
550,0.6481289621011248
3282,0.1873059475336456
2088,0.49720985305488874
2817,0.610608719201517
161,-0.23275627861728942
4557,0.2220772819953032
1323,0.31702579834211253
2796,0.23479265200065225
3520,0.41537471912996704
2243,0.0929277631862222
3989,-0.20714111405789115
2989,0.20773117656524054
1772,-0.14797356282570995
2244,0.13112110472882232
3608,1.209408124276064
2403,-0.1921259371884858
3584,-0.1885721441983801
2895,-0.2137708867853414
4523,0.7381849367331075
987,-0.6035432929060356
3108,-0.5359410975181635
3613,-0.4725457022453776
578,-0.14936389175597498
1779,-0.5590118827514265
1203,0.5520130893777209
3201,0.6570350815341763
3400,-0.389216900210152
272,0.7069824054130622
3340,-0.41716809899978013
2430,1.3818947911253998
1496,-1.1178948049974933
1694,-0.08660690708084129
354,-0.6200397895894509
4667,0.16443134102826296
267,-0.5672302500778077
752,0.3054945497329067
4874,-0.4009421414484091
459,-0.8617255144306766
4720,0.18998991115931574
601,0.4011703332798442
3672,-0.02023898890372422
1100,0.021211738446016426
2672,0.4884598090766694
1935,0.30098268737536316
507,0.08467868470975937
2331,0.40206867844020966
3261,-0.41767044545498067
1590,0.306653634054209
1974,-0.19250785676170779
3382,0.12812043738247159
1410,0.9121612412497306
1518,0.25730372036841587
683,-0.25207852990691393
4462,-0.19763704748843214
3032,-0.843255084043383
1453,-0.0904126568877226
3266,0.7715167627748025
51,-0.5719775874668311
3100,-0.7631585252338935
3276,-0.8727601435856336
3072,0.08703357659166588
3156,0.2657002215541482
425,-0.22076641663253938
3539,-0.8230309439270203
4091,-0.34863217928423573
1355,0.4402014197485338
3620,-0.47803570161752607
26,0.4369851878915094
47,0.016062147727177845
3851,-0.22413342837975225
1791,0.6229898707949806
2298,1.035593884584622
998,-0.3485184899461071
4944,0.130768140181452
1560,-0.4362693500839203
3353,0.012998218959551444
977,0.25464793013577847
4936,-0.7568003963443193
1215,1.154418088135671
1103,-0.5208799896709433
4563,1.1856462693646757
2753,-0.6987127324086186
3333,0.5439760323332505
347,0.04845824790353248
1626,0.1189772710631507
4896,0.13513493205917282
3011,-0.8765686332753058
1615,0.14788373395619114
1782,-1.122685774150657
4564,-0.0627431427409002
2469,0.18036890336152744
3903,1.0419725341892976
466,-0.012581301547868406
2509,0.3340956513287132
1805,-0.026963798525130755
4718,0.994624408427307
4703,-0.2852974520137872
4795,-0.5852194827924242
1736,0.2948210424923614
922,0.183148958532672
2107,-0.4250322064403438
2752,-0.3915815473969655
4950,0.48223542296496547
561,0.8571597848494221
203,-0.0530780171335401
1653,0.005734734079318571
2125,-0.06466042940531391
2816,0.09545022596344488
38,-1.2205941366229895
1025,-0.6777105438152766
2460,0.05198802940198988
2750,0.21244960004944957
3271,-0.3986145944682562
4243,-0.14805444505965326
2443,0.27999408913078927
76,0.7619653361065382
3350,0.5786420402215535
4758,0.6031251671684581
310,-0.24295128266696242
4373,-0.25659022492278805
793,-0.0972328775063307
1124,-0.765736980493843
1359,-0.14476806282039245
3711,0.7105882331902817
3166,0.9735506337514863
1545,0.06136033635888438
2769,-0.5590474999206254
1133,0.8438585427252283
2041,0.7234912759645065
3773,-1.0156617130585497
4482,-0.18383882202131918
3126,0.6859865660365152
3953,0.19800745448712664
756,0.7489640432525606
3985,0.16697698993549714
596,0.3192049217317914
2986,-0.23042852893703358
4949,-0.11936532073431128
4072,0.5981155159507976
464,-0.08514429163659276
3919,0.23170580384877315
2245,0.30396030174197985
4612,0.06397495786774865
2187,-0.4090461446632663
1092,-0.05359312798241511
397,-0.7285485545313968
1904,-0.09927101558662343
649,-0.0058042212570912355
420,-0.3814023204475401
1613,0.33420495656102567
3056,-0.09489062915744206
2784,-0.697396770373131
888,-0.1345383105521476
1337,-0.5262601088113161
682,0.36219940467183953
708,0.4023802738974167
3656,0.43442452978801605
2983,0.1767567296874315
3864,0.5996231754059789
4860,-0.4475839272188029
2103,0.5347053172553586
1400,-0.8180148933550537
2008,0.5125267919054783
1246,0.3348683218789885
2485,-0.3355489192475174
3068,-0.29122808817937873
2976,-0.24849117780227115
3601,0.13815940127005089
1373,0.008357177219286527
2484,0.43711207646518613
3585,-0.21740218903294117
784,0.6628088574378772
212,-1.1971898908595087
3364,-0.5598566779113083
359,-0.05887069278301116
1151,0.08794797105353158
2945,-0.5212369933917262
0,-0.8013202042462018
833,0.2141087092948215
4036,0.2512396022616308
931,0.191163044990299
484,0.8414435453826519
3249,-0.09989643680410953
4277,0.23415655649745748
2930,-0.8415021365382911
2275,-0.5687820146570113
4492,0.23806796776232897
2661,1.0694403114528104
3327,0.6399085640841014
2863,0.15061264251390494
2952,-0.037116344874386975
3674,0.09537438608047477
4750,0.48962275008466793
4184,0.4249479434414827
4902,-0.3862891196420426
2652,0.25571601052575055
1214,0.6250537925629862
4865,0.45662837935916656
2398,-0.02299659862054515
4272,-0.0044145443423380115
1665,-0.863501834803575
4137,0.2162601803674722
213,-0.21194487490211777
704,0.9577486574995948
2312,-1.0944709410830287
4372,0.5635178049691341
1589,0.5654887707200125
3948,-0.5825106088601579
1758,0.09977148700813387
1162,0.06853167335804411
3525,0.8430666738254065
4190,0.023237307768446236
4056,-0.2067086482854501
4613,0.03890115517453552
966,-0.04944258069479179
1905,0.09395972727671342
4881,-0.6440053223727471
3411,-0.08914868671768161
574,-0.14982784384355963
3157,0.3631345666951731
3546,0.6756821975600262
3849,-0.23296111552072407
4292,-0.7301765023903641
3223,-0.103484391013132
2842,-0.1301154377389011
1131,0.10840133576603517
2176,0.06364504255459824
4107,0.10250712029607723
4105,0.6522384060393795
4871,-0.08707577973510094
1089,-0.07785554080874757
3165,0.3818567293803934
864,-0.45239625820867335
1464,0.9344197926024771
4062,-0.4567371326415719
4299,-0.09556976787216342
2296,0.6230614965347634
2021,-0.07695165943054683
2271,-0.2837417056649638
1034,0.23044912332387923
1707,0.4721743140713688
589,0.509732981858062
2824,0.8092867034365128
3929,-0.45067128607426277
1521,-1.1597814274376246
1814,-0.10405953489854358
2608,-1.4621823142418524
3410,0.31946337578659634
2106,0.24249254947525234
3947,-0.21673623543741538
3004,-0.5669070406836703
2948,-0.9464865306307928
1530,-0.14127279337165355
3899,-0.5638796809537956
3014,-0.27577545879746257
497,-0.015500272804703563
4503,0.2081171188948181
3695,-1.6155488023634748
1784,0.32236097828085075
4312,-0.9780260955713693
376,-1.068055015147257
2545,0.45546648721218386
1176,-0.30039686283164446
4359,-0.2539046279986259
2557,-0.22687666940804085
826,0.03029545818782786
2113,0.7639862945921712
4169,0.24140150703337593
1076,0.465889425817263
4778,0.7189814883944701
1598,-0.25136447901463566
1578,-0.4203138736096461
2698,-0.9885623637466052
627,1.1198959915422826
1793,0.43903455105512634
2828,-0.439670403848889
3955,-0.11915004382161243
4642,0.26886552200023317
3590,0.4782661374311008
3541,-0.754935914272914
2581,0.3030150999645391
109,0.7812134107993218
4416,-0.9142585321947898
1481,-0.3165689328338317
3455,-0.18665684602659915
1987,-1.6400713437242835
2626,-0.18827408668317513
3406,0.17647260314493973
1382,0.3216025327678098
4422,-0.9659095759200778
1379,-0.13430898879395592
2598,0.977067937370002
79,0.955108175271393
3351,0.11333204813630537
3424,0.7957574703269445
4638,-0.23164930883307022
2148,0.5217272468005509
3807,0.015238157587321055
3003,0.5352660872748878
1242,0.3734115706421113
3529,-0.2632249608806019
1992,0.3150146326066867
3347,-0.3886792160479118
418,-0.4553154844445526
1305,0.7204914777397793
4365,0.2218087595952838
285,-0.23706445303103774
4433,-0.4330916458760745
456,0.3744190401119454
16,-0.189284928425689
1958,-0.3428651477973812
1724,0.03804561637251869
1016,-0.007874948346973554
3231,-0.5934688926781018
4384,1.0556477638131652
4018,0.40098404093266016
1576,0.8103797643097481
899,-0.1163182708887156
3425,-1.3017944217335948
3322,0.3275038523240328
4510,-0.2931948141315157
2010,0.6669675931430055
1338,0.4473784460206387
1824,-0.5823590626047039
556,0.458117844754236
1934,-0.10634792551327088
699,-0.35538695111891805
3228,0.1543189016851274
1390,-1.7002186945055815
985,-0.5414336850939776
3349,-1.3825274993116379
2554,-0.5636899831949549
257,0.14621940058817984
4393,0.5089775093492319
3367,-0.15637819839855016
4796,0.10626152256602595
1282,0.2015496725571735
229,-0.244090763261684
4144,0.35958844355834874
3685,-0.19192451725530546
1723,0.3566810580634625
600,0.4847808618890932
3604,-0.5552666528736507
3304,-1.6160315743071196
4772,-0.7779748159499329
4940,0.0955370368691657
3757,-0.006339481479623821
2011,-0.4157869177355096
1737,-0.4768941141659342
2081,0.2150135999967313
3114,-0.458665768168216
4790,0.2593521131644074
4689,0.20893464920532967
3303,0.20393444923630888
2600,-0.16329531243618067
4146,1.0531036668271874
3375,-0.9888445013118279
1650,0.24440724948993608
4005,-0.41266565738270167
4240,0.8888948167856618
475,-0.18939463742971174
170,-0.3230302176858677
2875,0.722850170633051
111,0.28325817544113363
4892,0.05321382396281571
3330,0.5578923033222667
896,-0.45736801698783935
477,0.0688642410826521
2108,-0.8568481176595011
827,0.6786570068440696
2758,0.05889934862793389
1846,-1.4775225271037158
284,0.8552554193147826
1729,0.5466710232437206
1663,0.26284074065632446
37,0.33177640033837097
887,0.710226247601069
4725,-0.2812939371637144
4275,0.6370510909799894
1235,-0.21166609456459984
1752,0.33283717548547287
84,-1.1201683017141173
1883,0.6448200648126656
3317,0.12153908779984057
3958,-1.267319004923806
3446,-1.3239876733002731
3253,-0.39516052721255335
573,-0.19501723382381364
3334,0.5158155404635716
2206,1.2407255616650854
2775,0.10863009965697579
3832,0.5213014490630545
657,-0.037033222350522976
4639,0.753716084099274
4247,0.11828553260707331
2959,0.02909137037822873
2699,0.49032610104686647
3033,-0.30296703046004136
3188,-0.017806670149746573
3863,0.4470205160500571
991,0.5933987212587191
2893,0.5554682301488159
4918,-0.17543797834508634
3676,-0.6113819568158698
4816,0.5264788717706468
3093,-0.42438532792343775
4224,-1.1995065611761486
250,0.966678987725806
1314,-0.04033983062554558
758,-0.6178028401285269
3200,-1.131464669905892
4473,0.44022063108629705
4617,-0.7712883749282389
4481,0.3030197333433069
2370,-0.18146454565008519
3099,0.22550451254723658
1976,-0.5107953039133255
648,-0.007320934197231566
2060,0.15411224386495004
2749,0.6297723711104055
56,0.3584988645498104
1900,0.3872013179333207
617,0.9366115085832503
4420,0.9150041214394422
1225,-0.14054735291562181
918,-0.26307285439666206
760,0.3001681442068467
4064,0.5174378750577491
2503,-0.6369105665745893
2896,0.2707719140081535
1231,0.8804142549860989
4654,0.4657292792170473
2806,0.2871323345362429
3553,0.03198314651807799
2441,-0.8852449559521087
4479,0.8244134235728291
4214,-1.1297774721128162
2486,-0.3949693107569683
3645,-0.0970285015143375
1079,0.3991554485617712
4145,-0.5030356632788271
4087,0.42155029695334445
169,0.15815180850829158
1196,0.0807466892703701
1580,0.14260567763720733
136,-0.09547634129181937
1634,-0.23805583279360754
4179,-0.6986810595754287
3021,0.3531402680563227
2792,0.4612953316740027
245,-0.8105064850428816
4398,0.5837371115716952
3635,-0.1252811434253589
3626,0.511663726525069
1298,0.8627945218003079
1756,0.41651865866972226
195,-0.2077080861175915
1077,-0.2645517799326669
4709,-0.21157957660545623
599,-0.4733091761695727
4597,0.15382508255833294
45,0.04816455684941179
4832,-0.1618543340020846
1829,0.5686087315915689
3136,-0.6467191382800141
1567,0.12872059205387387
4700,0.06815340544641657
2344,-0.3365038266077214
1610,0.408506429195989
2360,0.11090745337856944
1443,-0.36135011499446446
1275,0.5033594880604815
360,-0.7794732373414677
2085,0.5703158943081768
1686,0.18295844028775843
818,0.024354077380484007
3104,0.18800255560638668
4781,-0.24813104686396859
3973,0.9069900100644528
3225,0.32721506411703505
2574,0.5624694182241745
1104,0.5556581973128809
1369,-0.11525464109105688
1348,0.16942058056631737
1928,0.14560294033726162
3473,-0.0068040170781351605
4733,0.5202316576526265
3776,0.285570616207365
2516,-0.2303511814126722
2083,-0.019699612741983508
1087,-0.22362322055058836
3869,0.32849681707287637
160,-0.0034020114688813052
1960,0.048758205829781964
4207,0.3649059855612755
3868,-0.5718061771080061
1735,-0.06108830522689246
628,-0.9750642996510583
1017,0.4797440479216357
840,0.29345355162268394
4719,0.1812210197528703
3799,-0.8110055464805326
139,0.11368999403779334
1497,1.0967645703888387
3291,0.5663040636171992
95,-0.021643929421882646
707,0.25033057654477453
2175,0.8509904234854329
4924,-0.25709450669248124
1020,0.2581527599686684
2593,-0.14741110092735443
2223,0.10617395088171033
1437,0.34653123219854365
1769,-1.471327057673669
1273,-1.3142680218851552
1163,0.7519615870565399
551,-0.591071441404039
1965,-0.05118915694687676
3519,0.7415088726402423
3079,-0.15945534916738158
2658,0.29033036450578287
378,-1.4016603070764182
2247,0.250388400722799
274,-0.3696364701591781
312,1.1917073552613262
3813,-0.35301020281635953
1058,0.15438630330220082
4130,-1.1081596319304898
1876,-0.015325018271767021
2754,-0.5786302570566191
2808,0.5558554678106136
3746,0.3678196753591596
297,-0.4465755385377639
2072,0.17373900540776344
1708,-0.551949921943085
1159,-0.6565349567694874
4596,0.3725588939285718
4610,0.4161432785194439
3429,0.8519694160675373
4677,0.5620132227971695
2362,0.3341901097485991
4671,-0.43749849196216406
2540,0.40404533450773883
4845,-0.6088367490662021
3909,-0.7703141663166528
214,0.32051252378814254
1994,0.006438861561210096
3144,-0.48550519517554314
2846,-0.13597391391105695
1326,-0.1723270985836809
3745,0.53574913762729
3366,-0.8225001595411072
4226,0.17734660573514383
1136,0.3546437321966227
352,-0.35920431468107417
295,-0.5452221143994374
4140,0.054326963587487676
54,-0.2598843490896048
1114,-0.4514040610018091
1494,0.20253562600581443
2147,-0.19236995054227268
235,-0.58120766587479
243,-0.10745714431931841
1049,-0.09144746157424688
2214,0.22319836757792721
4348,-0.0971632049983393
4136,0.2349987289510862
87,-0.3366805657547145
1038,0.2856608277631789
1901,0.09183562324071293
417,0.28036178965417236
4378,-0.5243742449854238
256,0.760173929783206
3096,0.7945060798021739
4151,-0.2974673182707912
3420,-0.4166327346540619
4535,0.2407580864192278
1440,0.8292777826659243
1713,0.7255815041181819
4928,-0.049553226254133165
4103,-0.9847065638446084
1205,0.8443230098493526
2343,-0.4103196777830238
2528,0.2316335365716693
4752,0.22740915933195804
2670,-0.2665826350327416
1959,0.8946969965812119
587,-0.47312425068900676
1611,-1.3043920561848914
1280,-0.20235441992130898
1561,0.5581617044226759
3427,-1.5942258946198473
3855,-0.06582952423533328
4906,-0.3786951453026175
1042,-0.5686894630269679
3147,0.4688443025906306
2195,0.5332430051385977
2732,-0.6863292102119276
4997,0.5956194121962888
2614,1.0299326457418712
1318,0.19005554030115146
559,0.7635088873183795
4483,-0.8218377468436833
3061,-0.13012757512603823
271,-0.2778309618697907
4959,-0.18178006146239056
1438,-0.06097475142466369
430,0.3144036794306828
1302,0.04212836402302411
2452,0.5376859300213912
4090,0.09930725148101338
2588,-1.4610627166998063
3582,0.4126554060546894
612,-0.054320615526133764
562,-0.6552234566277413
1259,-0.39497505860400484
2869,-0.12553938751198412
969,0.4893473662607919
3190,-0.27193681960054406
4311,0.5082053940477538
1361,0.41542021338110935
1808,-0.1925417491371384
3722,0.3675538446493274
1404,0.03299908230369297
4506,-0.1836523236276424
1672,0.6271044583057757
4611,0.09872168055080532
588,-0.7092216896399677
2522,0.6075261826783311
2764,0.5264279577114896
1886,-0.05355138144060678
978,0.021214208805236723
1628,0.5587117729247373
632,-0.24967871314316614
2841,-0.7912902828978048
4260,-0.05508834234169768
4096,-0.008891127626237783
3109,0.6291841731406933
4180,0.6593573570749367
4134,0.16021763523532861
1525,-0.8623405184791393
2770,0.7938398946342149
2656,0.17654229600126659
4410,0.7498949908691337
4360,0.032881891728739454
4538,-0.9339772013694905
4645,-0.18189882367434596
1751,0.3421003797585662
1018,0.06398523197721406
1880,-0.6984250990206347
3784,-0.06049893764129255
1212,0.5719878094735673
4405,0.08219664429404805
4287,0.3323397153243066
499,0.7678170954460537
4306,0.07825098831248134
4271,-0.09393728329375328
1180,0.7174877008490466
4920,-0.12647896031423933
3148,0.19315485042173286
997,0.064932268709466
2416,0.0768250369108383
871,0.4822004756630083
4269,-0.2932122384279401
4530,-0.2092674018121059
384,0.6594512249627735
2078,0.18148935685597145
2674,0.4512267352255632
3069,-0.5454798133165957
4110,-0.021440564902587056
2183,-0.9191649897632992
2225,0.28002142554774334
2704,-0.12821218575649507
1997,0.113423543424366
1879,0.6080975212592516
639,-0.0938431291539299
2934,-0.01246850591791926
1070,0.9691021278769778
4604,0.11135254932707728
1861,-0.18303685230417432
2105,1.14256425871287
1455,0.5716251451944556
3736,1.275084889911981
141,0.14564187620246827
3881,-0.19137313648534882
510,-0.14188261840815652
3450,0.41039062004232907
479,-0.4675838854220027
2861,1.132445007020035
1394,-0.035175681635092104
1322,0.31634403290414337
1194,-0.06490069098870688
313,0.31720365489824953
4097,-0.37366671599453927
3516,-0.4511992250670174
2412,0.41211682378046266
4347,-0.46763142270978886
839,0.24999693777070497
1384,0.5856587560183542
2633,0.03842756882689713
1012,0.042736992694286435
1091,-0.6172631923186183
4033,-1.4530805726952751
2272,0.0569415623809304
2761,0.7118278614875146
4526,-1.0375636485161026
610,-0.48630686893585384
3595,-0.38917510439590774
4919,0.4259901328842144
3299,-0.21666072966661432
2613,-0.3909515852064507
2710,0.4452806673002838
1216,0.8051876492465935
4230,0.4064635755207906
532,-0.7525177673188859
2111,0.7888780155844852
2847,-1.1838361717654307
457,0.13475464308571894
4872,0.6043505950197243
208,-0.1946357154203593
2473,-1.0395319534830314
4579,-0.30887318822202836
1903,-0.17991567245315032
4973,-0.4376723646647802
1730,0.967563764426175
4235,-0.07493571241587649
159,-1.346432464049478
301,-0.1391884226986262
4461,-0.3046551778568176
873,0.43287790462227704
1157,0.04589688438502115
3943,0.2410074774598563
4753,0.9157831456974526
709,-0.09572913881925693
1290,-0.0876745392353806
99,0.28507291041549365
666,0.7867462731369441
1923,0.8966321173838745
4485,0.10661049552460256
3795,0.453582644931946
4307,-1.401171053633587
2209,-0.0122004568609686
2426,-0.12505751069084514
2019,0.6050902138743632
3880,0.6283677510494599
3969,-0.24049286819903415
924,-0.67744369634213
3501,0.25712155831715666
941,0.09929848096726612
2738,-0.09731913099941902
1069,-0.8052283547619545
3706,0.8652239072453494
40,-0.2288889843597408
838,0.7471299654731096
179,-0.35466210600054815
557,0.6074422510270994
3105,0.022210373072088174
4213,-0.3389786187246777
734,-0.8849505031613383
4779,0.28597824853545895
1248,-0.351858582398239
39,0.29395785526908913
3288,0.5099581393620287
4294,-0.7637884052779595
4930,-0.13121294440019593
1564,0.7326523147091617
489,0.4313576010996183
2542,0.28604467268560363
3335,-0.3025838275741144
3145,-0.1462511853265296
1019,-1.0013994739396894
3035,0.05474088132332433
2899,1.1438861956632893
4684,0.3255834634603465
1313,-0.24486703554180078
4673,-0.06373781137386292
2577,0.7258528265518613
3705,-0.18726765183982064
1812,0.3756662812151994
2303,-0.16999658693131625
4441,-0.06368599720791224
2178,0.8199927469197732
4576,0.7019706978750406
4728,-0.3409645736389235
671,0.15939503057941984
3982,0.4367340342628969
234,-0.375452106695116
1491,0.2645369442488521
4394,-0.23091324591530515
2728,-0.8898998851104345
4074,0.09418151772719874
3752,0.264071690292214
1031,-0.5142918911628112
759,0.8064933119684277
3790,-0.647425908511428
3306,0.29723275297538887
1186,-0.25142196737599054
3615,-0.20298405724819002
3206,0.25497042547579785
4371,0.21644323295994194
4369,0.6815829745316195
4837,0.22599575024230578
2157,-0.36996236386023096
1138,-0.5637438103490178
81,-0.28276281253878643
4628,-0.20527651386617318
4917,0.2057794496415637
4346,1.1845975318969737
4877,0.25317829326675323
3113,0.3377294594484628
4161,0.3095815273417246
1416,-1.1131714143746443
1509,-0.8965129574397963
3089,-0.06767307146033019
4525,-0.42570317722054885
3134,-0.7327024398414794
1692,0.3052785407861496
3405,0.007150766088997784
2722,0.6234832894826043
1854,0.33041566708301673
2483,-0.3285693843595636
3631,-0.10093066955150576
3283,-0.026862197820586076
2427,0.6015142084441143
3612,-0.08275033996223069
722,0.12899789326566236
447,-0.014240629813501826
2159,0.46888688561360237
3054,0.30880656497110603
1938,0.8617324796491372
4537,0.3104917398991702
1407,-0.07361881517347335
4864,-0.0706713863596109
1542,-0.04783279467348933
4442,0.5212607289738473
4966,-1.2598665330670817
4675,-0.2672638262850109
4559,-0.4569167906008236
4129,0.6310346845615147
2872,0.15916402373330474
253,0.434599313102086
4279,0.4578353982639527
4776,0.39481132864106616
49,0.9448592283141117
4044,1.0362864845795627
3226,0.2931725869408863
4474,-0.4642740841275774
1836,-1.4228778410296545
185,-1.4068620178080877
4581,0.37813109085394103
4555,-0.01654129817697836
4305,-0.5815368278822843
3861,-0.19426852702836328
4558,0.03171603153213276
2040,0.11369740724573152
3732,0.03374240552197527
377,0.23328854766876717
2490,-0.6474258668541601
1047,-0.21736641428086578
3442,-0.2299449455944309
951,0.2595148618877987
2136,-0.12913221861463775
3867,-0.021813221979560815
1882,0.3134240892598008
746,-0.0555426152635512
196,0.25371142012275616
2361,0.5478168666872643
4413,0.8249921321870914
2131,-0.3726312153577114
4681,-0.8370776541069969
1146,-0.6391479486648475
3183,0.10141718228555252
534,0.2854830487924529
4202,0.49023335794921863
1130,-0.9653693204668521
602,0.053900520025590204
41,0.41627455335203933
1233,0.23590310313516838
2218,0.8400410920519539
3777,-0.6918201318322721
1320,-0.6298692483045203
3854,-0.5346469900029893
120,-0.6997919581331873
110,-0.16058694211878421
4051,0.11378900836709605
2997,0.3848274059391006
1538,0.8666058605885212
2975,0.53299584956246
3987,-0.1632587450486751
2356,0.4562908789318394
2664,0.2891573574868529
294,-0.060506911998795765
4551,0.2805198549550516
3193,-0.06174905858360358
4569,-0.07978752552567414
311,-0.801077079432849
379,0.05179192717261749
730,0.16090477595381092
4707,1.0025153180787996
4127,-1.1848557229471277
4729,0.574402846231628
2411,0.15348289502508017
4620,0.012587226197683599
512,-0.10232660533721738
4108,-0.3847468124816551
4489,0.484175422218609
504,-1.0765473549610212
4817,0.1933275129637959
3085,-0.7118707754873963
4280,0.6853117831153304
813,-0.2211695926251096
1155,0.6473065052559841
4656,0.9070646434293641
3993,0.7873416617892568
3836,-0.10961966182606275
4166,-0.1475657344007244
2304,-0.3309149205012165
725,0.06408269578184811
2242,0.11565258371822029
2810,0.8966970182475054
2702,0.9405526666291877
615,0.3778074992064786
981,-0.6873419102100149
462,1.1434909378684974
1709,0.48396412026385605
1113,0.4542966184475654
4710,0.5524568054263224
1596,-0.22132026583414355
1603,0.41248062666503316
3338,-0.07749128304733599
2795,0.38045703771004025
3778,1.153009120715935
2797,-0.1163610443858305
426,0.2542820166932671
80,0.22445506781371005
3785,0.11724791441110938
3065,-0.1462897626671067
2881,0.013793041953110041
1137,0.2786450972065584
2549,0.06051303237530359
3804,-0.3598895974809224
688,0.3366312253248678
149,0.6505540659676416
4560,0.5228750432968239
718,0.7159443474565137
3465,-0.31069697929663764
251,-0.8527675441447125
4829,0.11381955833680646
3762,-0.44795111261215137
4566,-0.4021113722572265
3811,0.7008417027883711
1221,-0.07662911886423274
305,-0.005118397886034742
3911,0.3235300734682198
537,-0.7735463150136113
695,-0.8229576069097897
511,0.3748198533156417
2854,0.5312995679689223
849,-1.2635279966964728
240,-0.2973384922707254
3922,-0.14420776123943657
3137,-0.4188099534363934
2496,0.1315630061671902
802,0.09044793062320355
3772,0.002072165070991616
387,0.0213820697631526
1281,-0.7646486803085386
3203,0.4316463100997492
3163,-0.11467196918313327
2145,-0.45581550455026854
3673,-0.07379185031979052
4899,-0.2803559227354775
4172,-0.07969138512474583
3211,-0.1402963365558989
1656,-0.5282462688715661
4443,0.715132126686516
3920,0.5414658937685788
4452,0.3044528287237087
1471,-0.5627869021197744
1093,0.19055896577328468
3843,-0.4698431564881984
460,-0.018579218051261392
1197,0.5051585497950954
728,0.5681101163538189
996,0.2365023254217471
2878,-1.2340314488047657
2168,0.44818567069160764
2500,-0.5443325678545223
799,0.052535858830140114
3544,0.5615986054382294
4568,-0.04298034881472468
3039,-0.44548942784371093
3709,0.3584955026447849
74,0.6071197580357044
3883,1.0742263774514136
4841,-0.13385796235132918
625,0.024217955594177276
1444,0.34624874333664923
3664,-0.12218665467826018
220,-0.6082133378099082
4075,-0.4666282196341065
2589,0.05559136956679822
4999,0.005894620175551424
318,0.7094244901599547
2801,-0.3308733340947292
765,0.5150876487555287
3893,0.1309694878904475
2431,-0.6859873156953373
2397,0.4129801725956632
2461,0.0034569643573929554
830,-0.16952308868627242
549,-0.914601701520029
3639,-0.43874439959192113
1161,0.044961114049656636
2548,-0.2304380690119192
3123,-0.19260253619607148
1851,0.8515645075435891
93,0.14027541564167922
1696,-0.2098068851243724
3132,0.031507580640592
164,0.1647661700819958
1117,0.05825824668673185
2497,-0.6574912893347147
4093,-0.4961571537689329
2091,-0.333342865895756
405,0.8869623766277277
1408,0.4144645127342308
1849,0.09485802365753848
4554,-0.5904206370436018
290,-0.05677168450277481
1021,-0.15931732054953418
2487,0.1762084343271555
3294,0.13041854077959858
595,0.06307894056337915
1638,0.5596845911387849
3481,0.08206980624991189
2943,-0.5733022879541094
4428,0.7223374858648715
2363,-0.6724402381650814
4023,0.2352070707798246
4182,-0.36388870353723934
1401,-1.0814336777292723
4953,-0.1768427417687839
1669,-0.4701951758366043
2038,0.08483494383418666
3084,-0.18350794772629353
2456,0.09228847227050707
1740,-0.047050852633651274
4582,-0.08256034219804231
2570,-0.05756480535862174
325,0.14728334240070495
2594,0.1832403903599804
1006,-0.052824915598499445
3111,0.28006611940390247
1698,0.001296288687474778
2701,-0.509911985993095
3946,-0.4542065971788851
2433,-0.13346850712436087
3202,-1.1412435600152788
2210,-0.21839275977690953
825,-0.1425486264805187
1612,0.1850668719039552
3986,-0.3379271080378716
72,0.180927114664569
1940,0.5236105668294497
779,0.00714676784309809
1110,0.5332277445578866
2155,0.0809822487783336
2290,0.12295097991152204
3112,-0.04089125624337253
2054,-0.3222421001582392
1921,0.472742296891175
1258,-0.7804699536711226
4658,0.34784435507389766
2459,-0.10275649951791443
962,-1.23051214741381
4135,0.509695898546763
2327,-1.452101045514664
1871,-0.2741933421883198
3789,-0.28077959840467237
852,0.6831494655158243
4500,-0.12201326207308583
3167,0.15144983834393777
3700,-0.5994648381303183
3024,-0.1523370617346087
1957,0.53651206600337
1543,0.2640778601259415
4426,-0.08375708058970943
4858,0.17020459117860476
410,-0.41316040263217335
2043,0.22177107304526267
3285,0.25883352047929
3847,0.07050504318731132
2087,0.0527447932283982
1266,-0.24278934001838692
1643,0.3011430601911469
4708,0.9930604940450136
3174,-0.3285758598307904
3665,0.6061873415379706
1306,0.3868864851281506
4933,0.2048218622101441
1096,-0.14523656804182483
3587,-0.09939489975480509
3872,0.4964318632027327
2716,0.19349059954791858
2640,0.10545302773194454
1541,-0.2648023442861831
3961,0.5779199159523438
329,0.051513429280549694
4065,0.38668438195803034
567,-0.3512927607782963
712,0.3445837846735591
3286,-1.0252610229794623
67,0.23637537562209676
929,-0.6348852202773516
2903,-0.39605765808376336
1360,0.8606031770494198
4334,-1.4281711012910865
805,-0.5238048725847406
2703,-0.21291332786548
4927,0.2007180994644875
4794,-0.6861997562898212
2036,-0.11550715003589396
857,-0.9757354550234592
344,-0.47442159488456603
188,0.4818467172542018
4868,0.576996889356951
281,-0.054172036253043565
3675,-0.1675367391250111
303,0.6441989880076342
4024,-0.571023791386545
4768,-0.36317449533098234
848,0.8852831882873238
1911,-0.5641889008269256
252,-0.26892607167978966
4549,0.08683877913353477
304,-0.17996843896703218
2064,-0.07002563547458251
492,-0.27610338114123234
3738,-0.13017501456213676
1264,-0.022448141503340402
4436,0.2221654974114191
3699,0.033810099639922875
1563,-0.19539750178366422
1039,-0.2175966716768123
3510,-0.4677385428084522
2116,0.02104062277862795
1595,0.6367895162613815
1334,-0.29427419737031535
822,0.7433613301289927
1952,-0.727967215081434
917,-0.05603451076777599
1619,0.4839814645308822
1716,-1.5329344019058135
1041,-0.42719861408930004
1977,0.8493722418571181
4047,-0.6760338302088797
999,-0.9827049079499073
3828,0.8377096388894785
1116,0.13023777300690753
270,0.03667306635500189
1004,0.0038303195016373692
4553,-0.19619348141572068
4547,0.3408972643434982
3247,0.2809080003651232
3901,-0.07743105726282451
801,0.34213118425543243
4834,-0.6876738990671418
3336,-0.5227086990752481
4429,0.3063324666155225
4366,0.12959018281895318
1454,-0.13589154051191077
2685,0.49844559349319706
634,0.21312580980883755
350,0.26201350142009705
3374,-0.3023214113692676
2711,0.025242389770100182
1949,-0.07344263684822128
3627,-0.4359476719895232
4440,0.5306635443744039
2325,-0.019297153245351417
4670,0.3406620523241397
4262,-1.6726211986841122
4042,0.06002254496722337
4838,0.5369747228727872
3996,0.5966605715988331
3339,-0.20575074095884727
3095,0.6324138826910719
4154,0.0184772536174318
4302,-0.027148999132466045
3884,-1.1994591103341659
3887,0.015615082634235833
1749,-0.12320616628758874
491,-0.051728088833254304
3681,-0.30509677593813844
1296,1.0180347817109867
3300,0.014119438684895513
406,0.5472193353460719
4672,0.15573352191677436
4957,-0.08120815961917671
4607,0.008903358927011773
4910,0.12783737328254752
1778,-1.3191700534831083
1386,-0.3752550388264675
4739,-0.10375553456873199
3998,0.04480678746525957
1754,-0.5298352903427315
3251,-0.00017232138222134097
153,0.8925100444809297
4735,1.0355455509282123
2592,0.7388695599038391
1641,0.04900326642824737
1847,-0.34153751327875703
3677,0.08063431028866219
2853,0.05360565264525974
1389,0.0010486397753446397
427,0.12753855449081186
4246,-0.08233339267499762
382,0.1509748769977417
130,-0.6516576157602172
2308,-0.7061463522994602
3888,-0.3799121508623129
4875,-0.2852017810412715
2993,0.6487778404450921
2211,0.2231808273939766
892,0.36144852211165546
2707,-1.3380182068248718
956,0.4371046649389303
4843,0.36470567487365635
724,0.4398515129266416
3657,-0.6581625313353161
4396,0.16541611658368272
1153,0.5391359761641779
300,0.14043929918539888
1191,-0.011811714240743676
4694,0.5171423784805995
3213,0.2244485615423475
3042,0.4919389431765593
437,0.22766298344582214
1188,0.12323046592912146
4386,0.250556930934108
2498,0.646698974210409
4418,-0.17458701561157053
4038,-0.8174935888469408
4337,0.8818613617256181
3779,0.7048728253399572
1722,-0.8746081298630468
4726,-0.025274906045875234
4052,0.569546827505107
3771,0.7133900150695061
1823,-1.359819279035447
4357,0.7876762193147115
2340,-0.1808854678781744
652,-0.07032647637448974
2560,-0.36067125943413814
487,0.37946402682862157
920,0.2668236008022724
3997,0.5373354262444945
4909,0.43840674913999944
4167,-0.5059694360181046
938,-0.03865135072444481
3730,-1.1732227280343768
732,0.21454247972457008
900,0.12645015555690442
101,0.44523279802780724
3568,-0.2132768088348005
412,0.43008960503192384
4041,0.22732913306195268
3683,-0.3589794980497052
3970,-0.20471590617325486
4377,0.8024615104702821
851,-0.017253926330517366
2357,0.5809719771193231
4412,-0.3434369971055382
4241,0.2747364214537118
2884,0.7100349212929693
2241,-0.955797797513247
772,0.07439758713283506
4039,-0.23651477729148773
2215,0.15694855056069645
2926,-0.2081197055660473
853,-0.10947707620031988
4580,0.6687344867404574
974,0.08836911319839746
2004,-0.04644815740454167
4234,0.13761164117339142
3793,0.15038391426621978
506,0.3583367601322873
1620,-0.03065528245974658
1371,-0.11583354727153772
4847,0.3455832131148089
2191,0.0931475975962508
3090,-0.12745766271881287
866,0.2591054667761483
4540,0.0899555102109586
3984,-0.42456927201818573
1703,0.7078803522977104
989,-0.3828418385090204
419,-0.8501229294704684
1483,-0.34298972437468667
3236,0.18831580830971983
1009,-0.43239310916733587
965,-0.4361521743074883
3284,-0.05695332941064013
3287,-0.6865255878296219
4702,-0.18995945880041631
3652,0.5242412351480468
3882,0.10386610347555703
710,0.38071921181368484
1570,-0.4685720813528089
2918,-0.19357775247706943
470,0.10941844956197855
4399,0.3412279554534132
1003,0.5018038876594915
2580,0.602858646358519
2506,-0.14656300882180417
2184,-0.029034318676758986
676,-0.2465464066897658
215,-0.29857760305789594
4128,0.2840601283084059
2907,-0.5245461225227865
555,0.39609407145757025
2799,-1.0420435639489236
171,0.41907650762340243
3640,0.4294199391783211
3121,0.38542111795820855
4594,0.1765022884459242
